Country/Region,Date,Downloads,Revenue,Spend,Gross Margin,Gross Margin per Download,DAU,ARPDAU
Bangladesh,07/10/2017,1,0.0,0,0.0,0.0,0,N/A
Bangladesh,03/20/2017,1,0.0,0,0.0,0.0,0,N/A
Bangladesh,03/29/2017,1,0.0,0,0.0,0.0,0,N/A
Bangladesh,04/15/2017,1,0.0,0,0.0,0.0,0,N/A
Bangladesh,05/25/2017,1,0.0,0,0.0,0.0,0,N/A
Bangladesh,07/16/2017,1,0.0,0,0.0,0.0,0,N/A
Bangladesh,11/30/2017,1,0.02,0,0.02,0.02,0,N/A
Bangladesh,12/14/2017,1,0.0,0,0.0,0.0,0,N/A
Bangladesh,12/16/2017,1,0.0,0,0.0,0.0,0,N/A
Bangladesh,03/22/2018,2,0.0,0,0.0,0.0,0,N/A
Bangladesh,04/06/2018,0,0.02,0,0.02,N/A,0,N/A
Belgium,01/02/2016,1,0.57,0,0.57,0.57,0,N/A
Belgium,08/15/2016,1,0,0,0,0.0,0,N/A
Belgium,12/03/2016,1,0,0,0,0.0,0,N/A
Belgium,01/01/2017,0,0.57,0,0.57,N/A,0,N/A
Belgium,01/08/2017,1,0,0,0,0.0,0,N/A
Belgium,01/20/2017,1,0,0,0,0.0,0,N/A
Belgium,02/06/2017,1,0,0,0,0.0,0,N/A
Belgium,02/15/2017,1,0,0,0,0.0,0,N/A
Belgium,02/18/2017,1,0.0,0,0.0,0.0,0,N/A
Belgium,03/02/2017,1,0.0,0,0.0,0.0,0,N/A
Belgium,03/06/2017,1,0.0,0,0.0,0.0,0,N/A
Belgium,03/13/2017,1,0.0,0,0.0,0.0,0,N/A
Belgium,03/23/2017,1,0.0,0,0.0,0.0,0,N/A
Belgium,04/13/2017,1,0.0,0,0.0,0.0,0,N/A
Belgium,04/14/2017,1,0.05,0,0.05,0.05,0,N/A
Belgium,04/15/2017,1,0.0,0,0.0,0.0,0,N/A
Belgium,04/19/2017,1,0.0,0,0.0,0.0,0,N/A
Belgium,04/26/2017,1,0.0,0,0.0,0.0,0,N/A
Belgium,05/05/2017,1,0.0,0,0.0,0.0,0,N/A
Belgium,05/06/2017,1,0.1,0,0.1,0.1,0,N/A
Belgium,05/14/2017,1,0.0,0,0.0,0.0,0,N/A
Belgium,05/19/2017,1,0.0,0,0.0,0.0,0,N/A
Belgium,05/27/2017,1,0.0,0,0.0,0.0,0,N/A
Belgium,06/12/2017,12,0.05,0,0.05,0.0,0,N/A
Belgium,06/13/2017,3,0.49,0,0.49,0.16,0,N/A
Belgium,06/14/2017,7,0.64,0,0.64,0.09,0,N/A
Belgium,06/16/2017,1,0.0,0,0.0,0.0,0,N/A
Belgium,06/18/2017,2,0.0,0,0.0,0.0,0,N/A
Belgium,06/19/2017,1,0.0,0,0.0,0.0,0,N/A
Belgium,06/20/2017,0,0.3,0,0.3,N/A,0,N/A
Belgium,06/29/2017,1,0.27,0,0.27,0.27,0,N/A
Belgium,07/04/2017,0,0.01,0,0.01,N/A,0,N/A
Belgium,07/08/2017,0,0.07,0,0.07,N/A,0,N/A
Belgium,07/09/2017,1,0.0,0,0.0,0.0,0,N/A
Belgium,07/15/2017,1,0.0,0,0.0,0.0,0,N/A
Belgium,07/20/2017,1,0.0,0,0.0,0.0,0,N/A
Belgium,07/29/2017,1,0.0,0,0.0,0.0,0,N/A
Belgium,07/31/2017,0,0.22,0,0.22,N/A,0,N/A
Belgium,08/03/2017,1,0.0,0,0.0,0.0,0,N/A
Belgium,09/11/2017,1,0.0,0,0.0,0.0,0,N/A
Belgium,10/04/2017,1,0,0,0,0.0,0,N/A
Belgium,01/15/2018,1,0.0,0,0.0,0.0,0,N/A
Belgium,02/09/2018,1,0.0,0,0.0,0.0,0,N/A
Belgium,02/27/2018,1,0.0,0,0.0,0.0,0,N/A
Belgium,03/04/2018,0,0.02,0,0.02,N/A,0,N/A
Belgium,03/13/2018,1,0.0,0,0.0,0.0,0,N/A
Belgium,04/19/2018,0,0.74,0,0.74,N/A,0,N/A
Burkina Faso,04/06/2017,1,0,0,0,0.0,0,N/A
Bulgaria,11/17/2016,1,0,0,0,0.0,0,N/A
Bulgaria,12/26/2016,1,0.0,0,0.0,0.0,0,N/A
Bulgaria,03/26/2017,1,0.0,0,0.0,0.0,0,N/A
Bulgaria,04/05/2017,1,0.0,0,0.0,0.0,0,N/A
Bulgaria,04/11/2017,1,0.0,0,0.0,0.0,0,N/A
Bulgaria,04/18/2017,1,0,0,0,0.0,0,N/A
Bulgaria,05/12/2017,1,0.0,0,0.0,0.0,0,N/A
Bulgaria,06/06/2017,1,0,0,0,0.0,0,N/A
Bulgaria,06/10/2017,1,0.0,0,0.0,0.0,0,N/A
Bulgaria,06/25/2017,1,0.0,0,0.0,0.0,0,N/A
Bulgaria,06/26/2017,1,0,0,0,0.0,0,N/A
Bulgaria,06/27/2017,1,0.0,0,0.0,0.0,0,N/A
Bulgaria,07/09/2017,1,0.0,0,0.0,0.0,0,N/A
Bulgaria,07/13/2017,1,0,0,0,0.0,0,N/A
Bulgaria,07/29/2017,1,0.0,0,0.0,0.0,0,N/A
Bulgaria,08/03/2017,1,0.0,0,0.0,0.0,0,N/A
Bulgaria,10/06/2017,1,0.0,0,0.0,0.0,0,N/A
Bulgaria,10/11/2017,1,0.04,0,0.04,0.04,0,N/A
Bulgaria,10/18/2017,1,0.0,0,0.0,0.0,0,N/A
Bosnia and Herzegovina,04/23/2017,1,0.08,0,0.08,0.08,0,N/A
Bosnia and Herzegovina,05/11/2017,1,0.0,0,0.0,0.0,0,N/A
Bosnia and Herzegovina,06/09/2017,1,0.0,0,0.0,0.0,0,N/A
Bosnia and Herzegovina,06/25/2017,1,0.0,0,0.0,0.0,0,N/A
Brunei,06/19/2017,1,0.0,0,0.0,0.0,0,N/A
Bolivia,02/20/2017,1,0.0,0,0.0,0.0,0,N/A
Bolivia,02/21/2017,1,0.0,0,0.0,0.0,0,N/A
Bolivia,03/11/2017,1,0.0,0,0.0,0.0,0,N/A
Bolivia,03/27/2017,6,0.0,0,0.0,0.0,0,N/A
Bolivia,03/28/2017,1,0.0,0,0.0,0.0,0,N/A
Bolivia,04/01/2017,1,0.0,0,0.0,0.0,0,N/A
Bolivia,05/15/2017,1,0.0,0,0.0,0.0,0,N/A
Bolivia,05/27/2017,1,0.0,0,0.0,0.0,0,N/A
Bolivia,06/15/2017,1,0,0,0,0.0,0,N/A
Bolivia,07/25/2017,1,0.0,0,0.0,0.0,0,N/A
Bolivia,09/14/2017,2,0.0,0,0.0,0.0,0,N/A
Bolivia,09/15/2017,0,0.02,0,0.02,N/A,0,N/A
Bolivia,10/30/2017,1,0.0,0,0.0,0.0,0,N/A
Bolivia,02/04/2018,1,0.0,0,0.0,0.0,0,N/A
Bahrain,03/17/2017,1,0.0,0,0.0,0.0,0,N/A
Bahrain,07/22/2017,1,0.0,0,0.0,0.0,0,N/A
Bahrain,02/14/2018,0,0.02,0,0.02,N/A,0,N/A
Burundi,05/08/2017,1,0.0,0,0.0,0.0,0,N/A
Bhutan,04/08/2017,1,0.0,0,0.0,0.0,0,N/A
Jamaica,01/09/2018,0,0.12,0,0.12,N/A,0,N/A
Botswana,04/23/2017,1,0.02,0,0.02,0.02,0,N/A
Brazil,07/20/2015,1,0.61,0,0.61,0.61,0,N/A
Brazil,01/05/2016,1,0.49,0,0.49,0.49,0,N/A
Brazil,01/07/2016,1,0,0,0,0.0,0,N/A
Brazil,01/12/2016,1,0.48,0,0.48,0.48,0,N/A
Brazil,02/15/2016,1,0,0,0,0.0,0,N/A
Brazil,03/29/2016,1,0,0,0,0.0,0,N/A
Brazil,04/15/2016,1,0.44,0,0.44,0.44,0,N/A
Brazil,11/13/2016,1,0,0,0,0.0,0,N/A
Brazil,11/16/2016,1,0,0,0,0.0,0,N/A
Brazil,11/19/2016,1,0,0,0,0.0,0,N/A
Brazil,12/02/2016,1,0.0,0,0.0,0.0,0,N/A
Brazil,12/06/2016,1,0.0,0,0.0,0.0,0,N/A
Brazil,12/08/2016,2,0.0,0,0.0,0.0,0,N/A
Brazil,12/09/2016,2,0.02,0,0.02,0.01,0,N/A
Brazil,12/11/2016,1,0.0,0,0.0,0.0,0,N/A
Brazil,12/12/2016,1,0.0,0,0.0,0.0,0,N/A
Brazil,12/17/2016,1,0.0,0,0.0,0.0,0,N/A
Brazil,12/18/2016,1,0,0,0,0.0,0,N/A
Brazil,12/22/2016,1,0.0,0,0.0,0.0,0,N/A
Brazil,12/27/2016,2,0.0,0,0.0,0.0,0,N/A
Brazil,12/31/2016,1,0.0,0,0.0,0.0,0,N/A
Brazil,01/01/2017,1,0.0,0,0.0,0.0,0,N/A
Brazil,01/04/2017,1,0.0,0,0.0,0.0,0,N/A
Brazil,01/05/2017,1,0.0,0,0.0,0.0,0,N/A
Brazil,01/06/2017,3,0.0,0,0.0,0.0,0,N/A
Brazil,01/10/2017,1,0.0,0,0.0,0.0,0,N/A
Brazil,01/11/2017,1,0.0,0,0.0,0.0,0,N/A
Brazil,01/12/2017,1,0.0,0,0.0,0.0,0,N/A
Brazil,01/14/2017,1,0.0,0,0.0,0.0,0,N/A
Brazil,01/15/2017,1,0.0,0,0.0,0.0,0,N/A
Brazil,01/17/2017,1,0.0,0,0.0,0.0,0,N/A
Brazil,01/18/2017,1,0.0,0,0.0,0.0,0,N/A
Brazil,01/22/2017,1,0.12,0,0.12,0.12,0,N/A
Brazil,01/23/2017,1,0.0,0,0.0,0.0,0,N/A
Brazil,01/25/2017,1,0.0,0,0.0,0.0,0,N/A
Brazil,01/28/2017,1,0.0,0,0.0,0.0,0,N/A
Brazil,01/29/2017,1,0.0,0,0.0,0.0,0,N/A
Brazil,01/31/2017,2,0.0,0,0.0,0.0,0,N/A
Brazil,02/01/2017,1,0.0,0,0.0,0.0,0,N/A
Brazil,02/05/2017,1,0.0,0,0.0,0.0,0,N/A
Brazil,02/06/2017,2,0.0,0,0.0,0.0,0,N/A
Brazil,02/09/2017,1,0.0,0,0.0,0.0,0,N/A
Brazil,02/12/2017,1,0.0,0,0.0,0.0,0,N/A
Brazil,02/14/2017,1,0.0,0,0.0,0.0,0,N/A
Brazil,02/18/2017,1,0.0,0,0.0,0.0,0,N/A
Brazil,02/21/2017,2,0.0,0,0.0,0.0,0,N/A
Brazil,02/22/2017,1,0.0,0,0.0,0.0,0,N/A
Brazil,02/23/2017,1,0.0,0,0.0,0.0,0,N/A
Brazil,03/02/2017,2,0.05,0,0.05,0.02,0,N/A
Brazil,03/03/2017,1,0.0,0,0.0,0.0,0,N/A
Brazil,03/04/2017,1,0.0,0,0.0,0.0,0,N/A
Brazil,03/11/2017,1,0.0,0,0.0,0.0,0,N/A
Brazil,03/12/2017,1,0.0,0,0.0,0.0,0,N/A
Brazil,03/14/2017,2,0.0,0,0.0,0.0,0,N/A
Brazil,03/15/2017,2,0.0,0,0.0,0.0,0,N/A
Brazil,03/18/2017,1,0.0,0,0.0,0.0,0,N/A
Brazil,03/19/2017,1,0.0,0,0.0,0.0,0,N/A
Brazil,03/21/2017,1,0.0,0,0.0,0.0,0,N/A
Brazil,03/24/2017,4,0.0,0,0.0,0.0,0,N/A
Brazil,04/02/2017,1,0.0,0,0.0,0.0,0,N/A
Brazil,04/07/2017,1,0.0,0,0.0,0.0,0,N/A
Brazil,04/09/2017,1,0.0,0,0.0,0.0,0,N/A
Brazil,04/13/2017,1,0,0,0,0.0,0,N/A
Brazil,04/14/2017,1,0.0,0,0.0,0.0,0,N/A
Brazil,04/15/2017,2,0.02,0,0.02,0.01,0,N/A
Brazil,04/16/2017,1,0.0,0,0.0,0.0,0,N/A
Brazil,04/19/2017,1,0.0,0,0.0,0.0,0,N/A
Brazil,04/21/2017,1,0.0,0,0.0,0.0,0,N/A
Brazil,04/22/2017,1,0.0,0,0.0,0.0,0,N/A
Brazil,04/29/2017,1,0.0,0,0.0,0.0,0,N/A
Brazil,05/01/2017,1,0.0,0,0.0,0.0,0,N/A
Brazil,05/03/2017,1,0.0,0,0.0,0.0,0,N/A
Brazil,05/14/2017,2,0.05,0,0.05,0.02,0,N/A
Brazil,05/18/2017,1,0.0,0,0.0,0.0,0,N/A
Brazil,05/23/2017,1,0.0,0,0.0,0.0,0,N/A
Brazil,05/25/2017,1,0.0,0,0.0,0.0,0,N/A
Brazil,05/29/2017,1,0.0,0,0.0,0.0,0,N/A
Brazil,05/30/2017,2,0.0,0,0.0,0.0,0,N/A
Brazil,06/02/2017,1,0.02,0,0.02,0.02,0,N/A
Brazil,06/04/2017,1,0,0,0,0.0,0,N/A
Brazil,06/05/2017,1,0,0,0,0.0,0,N/A
Brazil,06/07/2017,1,0.0,0,0.0,0.0,0,N/A
Brazil,06/10/2017,1,0.0,0,0.0,0.0,0,N/A
Brazil,06/11/2017,1,0.0,0,0.0,0.0,0,N/A
Brazil,06/17/2017,1,0.0,0,0.0,0.0,0,N/A
Brazil,06/18/2017,1,0.0,0,0.0,0.0,0,N/A
Brazil,06/20/2017,1,0.0,0,0.0,0.0,0,N/A
Brazil,06/25/2017,1,0.0,0,0.0,0.0,0,N/A
Brazil,07/05/2017,2,0.0,0,0.0,0.0,0,N/A
Brazil,07/06/2017,1,0.0,0,0.0,0.0,0,N/A
Brazil,07/09/2017,1,0.0,0,0.0,0.0,0,N/A
Brazil,07/12/2017,1,0.0,0,0.0,0.0,0,N/A
Brazil,07/16/2017,2,0.06,0,0.06,0.03,0,N/A
Brazil,07/19/2017,1,0.0,0,0.0,0.0,0,N/A
Brazil,07/21/2017,1,0.0,0,0.0,0.0,0,N/A
Brazil,07/23/2017,1,0.01,0,0.01,0.01,0,N/A
Brazil,07/25/2017,1,0.11,0,0.11,0.11,0,N/A
Brazil,07/30/2017,2,0.0,0,0.0,0.0,0,N/A
Brazil,08/01/2017,1,0.0,0,0.0,0.0,0,N/A
Brazil,08/07/2017,2,0.0,0,0.0,0.0,0,N/A
Brazil,08/10/2017,1,0.0,0,0.0,0.0,0,N/A
Brazil,08/12/2017,0,0.04,0,0.04,N/A,0,N/A
Brazil,08/19/2017,1,0.0,0,0.0,0.0,0,N/A
Brazil,08/22/2017,1,0.0,0,0.0,0.0,0,N/A
Brazil,08/23/2017,1,0.0,0,0.0,0.0,0,N/A
Brazil,08/28/2017,3,0.0,0,0.0,0.0,0,N/A
Brazil,08/29/2017,1,0.0,0,0.0,0.0,0,N/A
Brazil,09/04/2017,1,0.0,0,0.0,0.0,0,N/A
Brazil,09/08/2017,2,0.0,0,0.0,0.0,0,N/A
Brazil,09/09/2017,1,0.0,0,0.0,0.0,0,N/A
Brazil,09/18/2017,1,0.13,0,0.13,0.13,0,N/A
Brazil,09/20/2017,1,0.0,0,0.0,0.0,0,N/A
Brazil,09/21/2017,1,0.0,0,0.0,0.0,0,N/A
Brazil,09/22/2017,1,0.0,0,0.0,0.0,0,N/A
Brazil,09/26/2017,1,0.06,0,0.06,0.06,0,N/A
Brazil,09/27/2017,1,0.0,0,0.0,0.0,0,N/A
Brazil,09/28/2017,1,0.0,0,0.0,0.0,0,N/A
Brazil,10/02/2017,2,0.0,0,0.0,0.0,0,N/A
Brazil,10/04/2017,2,0.21,0,0.21,0.11,0,N/A
Brazil,10/11/2017,2,0.0,0,0.0,0.0,0,N/A
Brazil,10/13/2017,1,0.0,0,0.0,0.0,0,N/A
Brazil,10/15/2017,1,0.0,0,0.0,0.0,0,N/A
Brazil,10/16/2017,1,0.0,0,0.0,0.0,0,N/A
Brazil,10/19/2017,1,0.0,0,0.0,0.0,0,N/A
Brazil,10/20/2017,3,0.04,0,0.04,0.01,0,N/A
Brazil,10/22/2017,1,0.0,0,0.0,0.0,0,N/A
Brazil,10/24/2017,1,0.0,0,0.0,0.0,0,N/A
Brazil,10/25/2017,2,0.0,0,0.0,0.0,0,N/A
Brazil,10/30/2017,1,0.0,0,0.0,0.0,0,N/A
Brazil,10/31/2017,1,0.0,0,0.0,0.0,0,N/A
Brazil,11/02/2017,1,0.0,0,0.0,0.0,0,N/A
Brazil,11/04/2017,2,0.0,0,0.0,0.0,0,N/A
Brazil,11/08/2017,1,0,0,0,0.0,0,N/A
Brazil,11/12/2017,1,0.0,0,0.0,0.0,0,N/A
Brazil,11/13/2017,1,0.0,0,0.0,0.0,0,N/A
Brazil,11/19/2017,1,0.0,0,0.0,0.0,0,N/A
Brazil,11/25/2017,1,0,0,0,0.0,0,N/A
Brazil,11/26/2017,2,0.0,0,0.0,0.0,0,N/A
Brazil,11/29/2017,1,0.0,0,0.0,0.0,0,N/A
Brazil,12/01/2017,1,0,0,0,0.0,0,N/A
Brazil,12/06/2017,2,0.07,0,0.07,0.03,0,N/A
Brazil,12/08/2017,2,0.0,0,0.0,0.0,0,N/A
Brazil,12/09/2017,1,0.0,0,0.0,0.0,0,N/A
Brazil,12/10/2017,1,0.0,0,0.0,0.0,0,N/A
Brazil,12/11/2017,1,0.0,0,0.0,0.0,0,N/A
Brazil,12/15/2017,1,0.0,0,0.0,0.0,0,N/A
Brazil,12/17/2017,1,0.0,0,0.0,0.0,0,N/A
Brazil,12/21/2017,5,0.26,0,0.26,0.05,0,N/A
Brazil,12/23/2017,1,0.0,0,0.0,0.0,0,N/A
Brazil,12/27/2017,1,0.0,0,0.0,0.0,0,N/A
Brazil,12/28/2017,1,0.0,0,0.0,0.0,0,N/A
Brazil,12/29/2017,1,0.0,0,0.0,0.0,0,N/A
Brazil,12/30/2017,1,0.0,0,0.0,0.0,0,N/A
Brazil,01/03/2018,4,0.02,0,0.02,0.0,0,N/A
Brazil,01/04/2018,1,0.06,0,0.06,0.06,0,N/A
Brazil,01/06/2018,2,0.0,0,0.0,0.0,0,N/A
Brazil,01/07/2018,1,0.0,0,0.0,0.0,0,N/A
Brazil,01/12/2018,1,0.0,0,0.0,0.0,0,N/A
Brazil,01/17/2018,1,0.03,0,0.03,0.03,0,N/A
Brazil,01/18/2018,1,0.0,0,0.0,0.0,0,N/A
Brazil,01/20/2018,1,0.0,0,0.0,0.0,0,N/A
Brazil,01/22/2018,2,0.0,0,0.0,0.0,0,N/A
Brazil,01/25/2018,1,0.0,0,0.0,0.0,0,N/A
Brazil,01/26/2018,2,0.0,0,0.0,0.0,0,N/A
Brazil,01/29/2018,2,0.0,0,0.0,0.0,0,N/A
Brazil,02/01/2018,1,0.0,0,0.0,0.0,0,N/A
Brazil,02/06/2018,1,0.0,0,0.0,0.0,0,N/A
Brazil,02/13/2018,1,0.03,0,0.03,0.03,0,N/A
Brazil,02/21/2018,1,0.0,0,0.0,0.0,0,N/A
Brazil,02/25/2018,1,0.0,0,0.0,0.0,0,N/A
Brazil,03/06/2018,1,0.0,0,0.0,0.0,0,N/A
Brazil,03/27/2018,1,0.0,0,0.0,0.0,0,N/A
Brazil,04/10/2018,1,0.0,0,0.0,0.0,0,N/A
Belarus,03/16/2017,1,0.01,0,0.01,0.01,0,N/A
Belarus,03/22/2017,1,0.0,0,0.0,0.0,0,N/A
Belarus,06/10/2017,1,0,0,0,0.0,0,N/A
Belarus,06/20/2017,1,0.0,0,0.0,0.0,0,N/A
Russia,06/26/2016,1,0.71,0,0.71,0.71,0,N/A
Russia,07/17/2016,0,0.46,0,0.46,N/A,0,N/A
Russia,11/13/2016,1,0,0,0,0.0,0,N/A
Russia,11/15/2016,1,0,0,0,0.0,0,N/A
Russia,11/17/2016,1,0,0,0,0.0,0,N/A
Russia,11/23/2016,1,0,0,0,0.0,0,N/A
Russia,11/30/2016,1,0,0,0,0.0,0,N/A
Russia,01/05/2017,1,0.0,0,0.0,0.0,0,N/A
Russia,01/09/2017,1,0,0,0,0.0,0,N/A
Russia,01/19/2017,1,0.0,0,0.0,0.0,0,N/A
Russia,02/07/2017,1,0.0,0,0.0,0.0,0,N/A
Russia,02/11/2017,1,0.0,0,0.0,0.0,0,N/A
Russia,02/14/2017,1,0.0,0,0.0,0.0,0,N/A
Russia,02/17/2017,1,0.0,0,0.0,0.0,0,N/A
Russia,02/25/2017,1,0.0,0,0.0,0.0,0,N/A
Russia,03/01/2017,1,0.0,0,0.0,0.0,0,N/A
Russia,03/05/2017,2,0.0,0,0.0,0.0,0,N/A
Russia,03/09/2017,1,0.0,0,0.0,0.0,0,N/A
Russia,03/10/2017,1,0.0,0,0.0,0.0,0,N/A
Russia,03/11/2017,1,0.0,0,0.0,0.0,0,N/A
Russia,03/13/2017,0,0.01,0,0.01,N/A,0,N/A
Russia,03/15/2017,1,0.0,0,0.0,0.0,0,N/A
Russia,03/17/2017,1,0.0,0,0.0,0.0,0,N/A
Russia,03/24/2017,1,0.0,0,0.0,0.0,0,N/A
Russia,03/26/2017,1,0.0,0,0.0,0.0,0,N/A
Russia,03/29/2017,1,0.0,0,0.0,0.0,0,N/A
Russia,04/02/2017,1,0.0,0,0.0,0.0,0,N/A
Russia,04/05/2017,1,0.0,0,0.0,0.0,0,N/A
Russia,04/07/2017,1,0.0,0,0.0,0.0,0,N/A
Russia,04/08/2017,1,0.0,0,0.0,0.0,0,N/A
Russia,04/15/2017,1,0.04,0,0.04,0.04,0,N/A
Russia,04/16/2017,1,0.07,0,0.07,0.07,0,N/A
Russia,04/18/2017,1,0.0,0,0.0,0.0,0,N/A
Russia,04/27/2017,1,0.0,0,0.0,0.0,0,N/A
Russia,05/01/2017,1,0.0,0,0.0,0.0,0,N/A
Russia,05/07/2017,1,0.0,0,0.0,0.0,0,N/A
Russia,05/15/2017,1,0.0,0,0.0,0.0,0,N/A
Russia,05/18/2017,2,0.0,0,0.0,0.0,0,N/A
Russia,05/22/2017,1,0.0,0,0.0,0.0,0,N/A
Russia,05/23/2017,1,0.0,0,0.0,0.0,0,N/A
Russia,05/27/2017,1,0.0,0,0.0,0.0,0,N/A
Russia,06/06/2017,2,0,0,0,0.0,0,N/A
Russia,06/07/2017,1,0.0,0,0.0,0.0,0,N/A
Russia,06/10/2017,1,0.0,0,0.0,0.0,0,N/A
Russia,06/12/2017,1,0.0,0,0.0,0.0,0,N/A
Russia,06/15/2017,1,0.0,0,0.0,0.0,0,N/A
Russia,06/16/2017,1,0.0,0,0.0,0.0,0,N/A
Russia,06/19/2017,1,0.0,0,0.0,0.0,0,N/A
Russia,06/20/2017,1,0.0,0,0.0,0.0,0,N/A
Russia,06/22/2017,1,0.0,0,0.0,0.0,0,N/A
Russia,06/23/2017,1,0.0,0,0.0,0.0,0,N/A
Russia,06/25/2017,1,0.0,0,0.0,0.0,0,N/A
Russia,06/29/2017,1,0.0,0,0.0,0.0,0,N/A
Russia,07/16/2017,2,0.01,0,0.01,0.0,0,N/A
Russia,07/17/2017,1,0.0,0,0.0,0.0,0,N/A
Russia,07/18/2017,1,0.0,0,0.0,0.0,0,N/A
Russia,07/19/2017,1,0.0,0,0.0,0.0,0,N/A
Russia,07/22/2017,1,0.0,0,0.0,0.0,0,N/A
Russia,07/23/2017,1,0.0,0,0.0,0.0,0,N/A
Russia,07/24/2017,2,0.05,0,0.05,0.03,0,N/A
Russia,07/26/2017,1,0,0,0,0.0,0,N/A
Russia,08/01/2017,1,0.0,0,0.0,0.0,0,N/A
Russia,08/11/2017,0,0.01,0,0.01,N/A,0,N/A
Russia,08/12/2017,1,0,0,0,0.0,0,N/A
Russia,09/02/2017,1,0.0,0,0.0,0.0,0,N/A
Russia,09/05/2017,1,0.0,0,0.0,0.0,0,N/A
Russia,09/16/2017,1,0.0,0,0.0,0.0,0,N/A
Russia,09/22/2017,1,0.0,0,0.0,0.0,0,N/A
Russia,10/02/2017,1,0,0,0,0.0,0,N/A
Russia,10/12/2017,1,0.0,0,0.0,0.0,0,N/A
Russia,10/21/2017,1,0,0,0,0.0,0,N/A
Russia,10/23/2017,1,0.0,0,0.0,0.0,0,N/A
Russia,10/31/2017,1,0,0,0,0.0,0,N/A
Russia,11/09/2017,1,0.0,0,0.0,0.0,0,N/A
Russia,11/11/2017,1,0.66,0,0.66,0.66,0,N/A
Russia,11/18/2017,1,0,0,0,0.0,0,N/A
Russia,12/03/2017,1,0,0,0,0.0,0,N/A
Russia,12/12/2017,1,0.0,0,0.0,0.0,0,N/A
Russia,12/17/2017,1,0.0,0,0.0,0.0,0,N/A
Russia,12/26/2017,1,0.0,0,0.0,0.0,0,N/A
Russia,01/14/2018,1,0.0,0,0.0,0.0,0,N/A
Russia,01/21/2018,1,0.0,0,0.0,0.0,0,N/A
Russia,01/24/2018,1,0.0,0,0.0,0.0,0,N/A
Russia,02/10/2018,1,0.0,0,0.0,0.0,0,N/A
Russia,02/24/2018,1,0,0,0,0.0,0,N/A
Russia,02/28/2018,2,0.0,0,0.0,0.0,0,N/A
Russia,03/05/2018,1,0.0,0,0.0,0.0,0,N/A
Russia,03/14/2018,1,0.0,0,0.0,0.0,0,N/A
Russia,03/30/2018,1,0.0,0,0.0,0.0,0,N/A
Russia,04/06/2018,2,0.0,0,0.0,0.0,0,N/A
Serbia,12/31/2016,1,0.0,0,0.0,0.0,0,N/A
Serbia,02/09/2017,1,0.0,0,0.0,0.0,0,N/A
Serbia,02/17/2017,0,0.02,0,0.02,N/A,0,N/A
Serbia,02/28/2017,1,0.0,0,0.0,0.0,0,N/A
Serbia,04/09/2017,0,0.01,0,0.01,N/A,0,N/A
Serbia,05/02/2017,1,0.0,0,0.0,0.0,0,N/A
Serbia,05/10/2017,1,0,0,0,0.0,0,N/A
Serbia,05/18/2017,1,0.0,0,0.0,0.0,0,N/A
Serbia,05/29/2017,1,0.0,0,0.0,0.0,0,N/A
Serbia,06/21/2017,1,0.0,0,0.0,0.0,0,N/A
Serbia,06/22/2017,2,0.0,0,0.0,0.0,0,N/A
Serbia,06/28/2017,1,0.0,0,0.0,0.0,0,N/A
Serbia,07/04/2017,1,0,0,0,0.0,0,N/A
Serbia,07/07/2017,1,0.0,0,0.0,0.0,0,N/A
Serbia,07/11/2017,1,0.0,0,0.0,0.0,0,N/A
Serbia,08/02/2017,0,0.01,0,0.01,N/A,0,N/A
Serbia,09/27/2017,1,0,0,0,0.0,0,N/A
Serbia,10/11/2017,1,0.0,0,0.0,0.0,0,N/A
Serbia,01/04/2018,1,0.0,0,0.0,0.0,0,N/A
Serbia,01/30/2018,1,0.0,0,0.0,0.0,0,N/A
Serbia,03/08/2018,1,0.0,0,0.0,0.0,0,N/A
Reunion,12/12/2016,1,0.06,0,0.06,0.06,0,N/A
Reunion,12/29/2016,1,0.0,0,0.0,0.0,0,N/A
Reunion,05/30/2017,1,0.04,0,0.04,0.04,0,N/A
Reunion,02/18/2018,1,0.0,0,0.0,0.0,0,N/A
Turkmenistan,03/07/2017,1,0.0,0,0.0,0.0,0,N/A
Romania,05/06/2015,0,0.55,0,0.55,N/A,0,N/A
Romania,06/26/2016,1,0.56,0,0.56,0.56,0,N/A
Romania,07/06/2016,1,0,0,0,0.0,0,N/A
Romania,07/07/2016,1,1.12,0,1.12,1.12,0,N/A
Romania,11/17/2016,1,0,0,0,0.0,0,N/A
Romania,11/25/2016,2,0,0,0,0.0,0,N/A
Romania,11/26/2016,1,0,0,0,0.0,0,N/A
Romania,11/28/2016,1,0,0,0,0.0,0,N/A
Romania,11/30/2016,1,0,0,0,0.0,0,N/A
Romania,12/01/2016,1,0,0,0,0.0,0,N/A
Romania,12/05/2016,1,0.0,0,0.0,0.0,0,N/A
Romania,12/07/2016,1,0.0,0,0.0,0.0,0,N/A
Romania,12/28/2016,1,0.56,0,0.56,0.56,0,N/A
Romania,01/14/2017,1,0.0,0,0.0,0.0,0,N/A
Romania,01/26/2017,1,0.0,0,0.0,0.0,0,N/A
Romania,02/24/2017,1,0.0,0,0.0,0.0,0,N/A
Romania,02/26/2017,0,0.06,0,0.06,N/A,0,N/A
Romania,02/28/2017,1,0.0,0,0.0,0.0,0,N/A
Romania,03/01/2017,1,0.0,0,0.0,0.0,0,N/A
Romania,03/04/2017,1,0.0,0,0.0,0.0,0,N/A
Romania,03/05/2017,1,0.0,0,0.0,0.0,0,N/A
Romania,03/07/2017,1,0.0,0,0.0,0.0,0,N/A
Romania,04/02/2017,1,0.0,0,0.0,0.0,0,N/A
Romania,04/16/2017,1,0.0,0,0.0,0.0,0,N/A
Romania,04/20/2017,1,0.0,0,0.0,0.0,0,N/A
Romania,04/21/2017,1,0.03,0,0.03,0.03,0,N/A
Romania,05/06/2017,1,0.01,0,0.01,0.01,0,N/A
Romania,05/13/2017,1,0.0,0,0.0,0.0,0,N/A
Romania,05/20/2017,1,0.0,0,0.0,0.0,0,N/A
Romania,05/21/2017,2,0.5,0,0.5,0.25,0,N/A
Romania,05/24/2017,3,0.0,0,0.0,0.0,0,N/A
Romania,05/25/2017,1,0.0,0,0.0,0.0,0,N/A
Romania,05/26/2017,2,0.0,0,0.0,0.0,0,N/A
Romania,05/31/2017,1,0.0,0,0.0,0.0,0,N/A
Romania,06/02/2017,3,0.0,0,0.0,0.0,0,N/A
Romania,06/03/2017,2,0.0,0,0.0,0.0,0,N/A
Romania,06/06/2017,1,0,0,0,0.0,0,N/A
Romania,06/07/2017,1,0.0,0,0.0,0.0,0,N/A
Romania,06/10/2017,1,0.0,0,0.0,0.0,0,N/A
Romania,06/11/2017,1,0.0,0,0.0,0.0,0,N/A
Romania,06/12/2017,1,0.0,0,0.0,0.0,0,N/A
Romania,06/16/2017,3,0.0,0,0.0,0.0,0,N/A
Romania,06/17/2017,1,0.0,0,0.0,0.0,0,N/A
Romania,06/18/2017,3,0.0,0,0.0,0.0,0,N/A
Romania,06/19/2017,1,0.0,0,0.0,0.0,0,N/A
Romania,06/20/2017,1,0.0,0,0.0,0.0,0,N/A
Romania,06/22/2017,3,0.0,0,0.0,0.0,0,N/A
Romania,06/23/2017,1,0.03,0,0.03,0.03,0,N/A
Romania,06/24/2017,4,0.0,0,0.0,0.0,0,N/A
Romania,06/25/2017,3,0.0,0,0.0,0.0,0,N/A
Romania,06/26/2017,2,0.07,0,0.07,0.04,0,N/A
Romania,06/27/2017,2,0.03,0,0.03,0.01,0,N/A
Romania,06/28/2017,1,0.0,0,0.0,0.0,0,N/A
Romania,06/29/2017,2,0.0,0,0.0,0.0,0,N/A
Romania,06/30/2017,5,0.0,0,0.0,0.0,0,N/A
Romania,07/01/2017,7,0.64,0,0.64,0.09,0,N/A
Romania,07/02/2017,4,0.0,0,0.0,0.0,0,N/A
Romania,07/03/2017,1,0.0,0,0.0,0.0,0,N/A
Romania,07/04/2017,2,0.0,0,0.0,0.0,0,N/A
Romania,07/05/2017,1,0.0,0,0.0,0.0,0,N/A
Romania,07/06/2017,0,0.03,0,0.03,N/A,0,N/A
Romania,07/07/2017,6,0.0,0,0.0,0.0,0,N/A
Romania,07/08/2017,5,0.0,0,0.0,0.0,0,N/A
Romania,07/09/2017,5,0.0,0,0.0,0.0,0,N/A
Romania,07/11/2017,2,0.02,0,0.02,0.01,0,N/A
Romania,07/12/2017,1,0.0,0,0.0,0.0,0,N/A
Romania,07/13/2017,2,0.0,0,0.0,0.0,0,N/A
Romania,07/15/2017,2,0.0,0,0.0,0.0,0,N/A
Romania,07/19/2017,2,0.0,0,0.0,0.0,0,N/A
Romania,07/21/2017,2,0.0,0,0.0,0.0,0,N/A
Romania,07/22/2017,1,0.0,0,0.0,0.0,0,N/A
Romania,07/23/2017,1,0.0,0,0.0,0.0,0,N/A
Romania,07/26/2017,3,0.04,0,0.04,0.01,0,N/A
Romania,07/28/2017,2,0.0,0,0.0,0.0,0,N/A
Romania,07/30/2017,1,0.0,0,0.0,0.0,0,N/A
Romania,07/31/2017,2,0.0,0,0.0,0.0,0,N/A
Romania,08/01/2017,3,0.0,0,0.0,0.0,0,N/A
Romania,08/02/2017,4,0.0,0,0.0,0.0,0,N/A
Romania,08/03/2017,2,0.0,0,0.0,0.0,0,N/A
Romania,08/04/2017,5,0.0,0,0.0,0.0,0,N/A
Romania,08/05/2017,2,0.0,0,0.0,0.0,0,N/A
Romania,08/06/2017,1,0.0,0,0.0,0.0,0,N/A
Romania,08/07/2017,2,0.0,0,0.0,0.0,0,N/A
Romania,08/08/2017,1,0.0,0,0.0,0.0,0,N/A
Romania,08/09/2017,1,0.0,0,0.0,0.0,0,N/A
Romania,08/10/2017,1,0.0,0,0.0,0.0,0,N/A
Romania,08/11/2017,0,0.03,0,0.03,N/A,0,N/A
Romania,08/12/2017,1,0.0,0,0.0,0.0,0,N/A
Romania,08/13/2017,1,0.0,0,0.0,0.0,0,N/A
Romania,08/15/2017,3,0.0,0,0.0,0.0,0,N/A
Romania,08/20/2017,2,0.0,0,0.0,0.0,0,N/A
Romania,08/24/2017,1,0.0,0,0.0,0.0,0,N/A
Romania,08/26/2017,1,0.0,0,0.0,0.0,0,N/A
Romania,08/27/2017,1,0.0,0,0.0,0.0,0,N/A
Romania,08/31/2017,1,0.0,0,0.0,0.0,0,N/A
Romania,09/06/2017,2,0.0,0,0.0,0.0,0,N/A
Romania,09/09/2017,1,0.0,0,0.0,0.0,0,N/A
Romania,09/15/2017,1,0.0,0,0.0,0.0,0,N/A
Romania,09/21/2017,1,0,0,0,0.0,0,N/A
Romania,09/23/2017,1,0.0,0,0.0,0.0,0,N/A
Romania,09/24/2017,1,0.0,0,0.0,0.0,0,N/A
Romania,10/07/2017,1,0,0,0,0.0,0,N/A
Romania,10/16/2017,1,0.0,0,0.0,0.0,0,N/A
Romania,10/25/2017,0,0.01,0,0.01,N/A,0,N/A
Romania,11/07/2017,1,0.11,0,0.11,0.11,0,N/A
Romania,11/10/2017,1,0,0,0,0.0,0,N/A
Romania,11/28/2017,1,0.0,0,0.0,0.0,0,N/A
Romania,12/11/2017,1,0.0,0,0.0,0.0,0,N/A
Romania,12/26/2017,1,0.0,0,0.0,0.0,0,N/A
Romania,12/30/2017,0,0.08,0,0.08,N/A,0,N/A
Romania,01/02/2018,1,0.0,0,0.0,0.0,0,N/A
Romania,01/22/2018,1,0,0,0,0.0,0,N/A
Romania,02/01/2018,1,0.0,0,0.0,0.0,0,N/A
Romania,02/06/2018,1,0.0,0,0.0,0.0,0,N/A
Romania,02/13/2018,1,0.0,0,0.0,0.0,0,N/A
Romania,02/19/2018,1,0.0,0,0.0,0.0,0,N/A
Romania,02/23/2018,1,0.0,0,0.0,0.0,0,N/A
Romania,03/08/2018,1,0.0,0,0.0,0.0,0,N/A
Romania,04/01/2018,1,0,0,0,0.0,0,N/A
Guatemala,05/12/2017,1,0.0,0,0.0,0.0,0,N/A
Guatemala,07/10/2017,3,0.01,0,0.01,0.0,0,N/A
Guatemala,08/31/2017,2,0.0,0,0.0,0.0,0,N/A
Guatemala,09/16/2017,1,0.0,0,0.0,0.0,0,N/A
Guatemala,09/28/2017,0,0.01,0,0.01,N/A,0,N/A
Guatemala,10/01/2017,1,0.0,0,0.0,0.0,0,N/A
Guatemala,03/05/2018,1,0.0,0,0.0,0.0,0,N/A
Guatemala,03/13/2018,2,0.59,0,0.59,0.29,0,N/A
Guatemala,04/12/2018,1,0.0,0,0.0,0.0,0,N/A
Greece,07/02/2015,1,0.56,0,0.56,0.56,0,N/A
Greece,12/02/2016,1,0.0,0,0.0,0.0,0,N/A
Greece,12/11/2016,1,0.0,0,0.0,0.0,0,N/A
Greece,12/16/2016,1,0.02,0,0.02,0.02,0,N/A
Greece,01/19/2017,1,0.0,0,0.0,0.0,0,N/A
Greece,01/24/2017,1,0.0,0,0.0,0.0,0,N/A
Greece,02/09/2017,1,0.0,0,0.0,0.0,0,N/A
Greece,02/11/2017,1,0,0,0,0.0,0,N/A
Greece,02/25/2017,2,0.0,0,0.0,0.0,0,N/A
Greece,03/02/2017,1,0.0,0,0.0,0.0,0,N/A
Greece,03/07/2017,1,0.0,0,0.0,0.0,0,N/A
Greece,04/11/2017,1,0.0,0,0.0,0.0,0,N/A
Greece,04/13/2017,1,0.0,0,0.0,0.0,0,N/A
Greece,04/19/2017,1,0.0,0,0.0,0.0,0,N/A
Greece,04/22/2017,1,0.0,0,0.0,0.0,0,N/A
Greece,04/23/2017,1,0.03,0,0.03,0.03,0,N/A
Greece,04/28/2017,1,0.0,0,0.0,0.0,0,N/A
Greece,05/08/2017,1,0.0,0,0.0,0.0,0,N/A
Greece,05/11/2017,1,0.0,0,0.0,0.0,0,N/A
Greece,05/14/2017,1,0.0,0,0.0,0.0,0,N/A
Greece,05/18/2017,0,0.02,0,0.02,N/A,0,N/A
Greece,05/20/2017,1,0.0,0,0.0,0.0,0,N/A
Greece,05/23/2017,1,0.0,0,0.0,0.0,0,N/A
Greece,05/24/2017,0,0.06,0,0.06,N/A,0,N/A
Greece,06/01/2017,1,0.0,0,0.0,0.0,0,N/A
Greece,06/03/2017,1,0.0,0,0.0,0.0,0,N/A
Greece,06/13/2017,1,0.0,0,0.0,0.0,0,N/A
Greece,06/18/2017,1,0.0,0,0.0,0.0,0,N/A
Greece,06/23/2017,1,0.0,0,0.0,0.0,0,N/A
Greece,06/26/2017,1,0.0,0,0.0,0.0,0,N/A
Greece,06/29/2017,1,0.0,0,0.0,0.0,0,N/A
Greece,07/02/2017,2,0.07,0,0.07,0.04,0,N/A
Greece,07/03/2017,1,0.0,0,0.0,0.0,0,N/A
Greece,07/04/2017,1,0.0,0,0.0,0.0,0,N/A
Greece,07/07/2017,1,0.0,0,0.0,0.0,0,N/A
Greece,07/23/2017,1,0.0,0,0.0,0.0,0,N/A
Greece,07/30/2017,1,0.0,0,0.0,0.0,0,N/A
Greece,07/31/2017,1,0.0,0,0.0,0.0,0,N/A
Greece,08/06/2017,0,0.01,0,0.01,N/A,0,N/A
Greece,08/08/2017,1,0.0,0,0.0,0.0,0,N/A
Greece,08/10/2017,3,0.0,0,0.0,0.0,0,N/A
Greece,08/12/2017,1,0.0,0,0.0,0.0,0,N/A
Greece,08/13/2017,2,0.04,0,0.04,0.02,0,N/A
Greece,08/14/2017,2,0.07,0,0.07,0.03,0,N/A
Greece,08/15/2017,1,0.0,0,0.0,0.0,0,N/A
Greece,08/16/2017,2,0.0,0,0.0,0.0,0,N/A
Greece,08/18/2017,3,0.0,0,0.0,0.0,0,N/A
Greece,08/19/2017,7,0.02,0,0.02,0.0,0,N/A
Greece,08/20/2017,1,0.16,0,0.16,0.16,0,N/A
Greece,08/27/2017,1,0.0,0,0.0,0.0,0,N/A
Greece,09/07/2017,0,0.04,0,0.04,N/A,0,N/A
Greece,09/08/2017,0,0.11,0,0.11,N/A,0,N/A
Greece,09/25/2017,1,0.0,0,0.0,0.0,0,N/A
Greece,10/14/2017,1,0.0,0,0.0,0.0,0,N/A
Greece,11/16/2017,1,0.0,0,0.0,0.0,0,N/A
Greece,11/24/2017,1,0.0,0,0.0,0.0,0,N/A
Greece,12/19/2017,1,0.0,0,0.0,0.0,0,N/A
Greece,01/14/2018,1,0.0,0,0.0,0.0,0,N/A
Greece,01/19/2018,1,0.0,0,0.0,0.0,0,N/A
Greece,02/22/2018,1,0.0,0,0.0,0.0,0,N/A
Guadeloupe,02/14/2017,1,0,0,0,0.0,0,N/A
Guadeloupe,04/21/2017,1,0.0,0,0.0,0.0,0,N/A
Japan,05/07/2015,1,0.72,0,0.72,0.72,0,N/A
Japan,06/30/2015,1,0,0,0,0.0,0,N/A
Japan,07/01/2015,0,0.71,0,0.71,N/A,0,N/A
Japan,03/12/2016,1,0.68,0,0.68,0.68,0,N/A
Japan,07/26/2016,1,0.84,0,0.84,0.84,0,N/A
Japan,12/10/2016,1,0,0,0,0.0,0,N/A
Japan,12/11/2016,1,0,0,0,0.0,0,N/A
Japan,12/31/2016,1,0.0,0,0.0,0.0,0,N/A
Japan,01/04/2017,1,0,0,0,0.0,0,N/A
Japan,01/22/2017,1,0,0,0,0.0,0,N/A
Japan,01/31/2017,1,0.0,0,0.0,0.0,0,N/A
Japan,02/02/2017,1,0,0,0,0.0,0,N/A
Japan,02/06/2017,2,0.0,0,0.0,0.0,0,N/A
Japan,02/07/2017,1,0.0,0,0.0,0.0,0,N/A
Japan,02/08/2017,1,0.0,0,0.0,0.0,0,N/A
Japan,02/12/2017,0,0.06,0,0.06,N/A,0,N/A
Japan,02/13/2017,1,0.0,0,0.0,0.0,0,N/A
Japan,02/19/2017,1,0.0,0,0.0,0.0,0,N/A
Japan,02/20/2017,1,0.0,0,0.0,0.0,0,N/A
Japan,02/23/2017,1,0.0,0,0.0,0.0,0,N/A
Japan,02/25/2017,1,0,0,0,0.0,0,N/A
Japan,02/26/2017,1,0.0,0,0.0,0.0,0,N/A
Japan,03/01/2017,0,0.45,0,0.45,N/A,0,N/A
Japan,03/02/2017,0,0.26,0,0.26,N/A,0,N/A
Japan,03/05/2017,0,0.33,0,0.33,N/A,0,N/A
Japan,03/10/2017,1,0.15,0,0.15,0.15,0,N/A
Japan,03/12/2017,1,0.0,0,0.0,0.0,0,N/A
Japan,03/14/2017,1,0.0,0,0.0,0.0,0,N/A
Japan,03/15/2017,2,0,0,0,0.0,0,N/A
Japan,03/18/2017,1,0,0,0,0.0,0,N/A
Japan,03/19/2017,1,0.0,0,0.0,0.0,0,N/A
Japan,03/20/2017,1,0.0,0,0.0,0.0,0,N/A
Japan,03/21/2017,2,0.0,0,0.0,0.0,0,N/A
Japan,03/23/2017,4,0,0,0,0.0,0,N/A
Japan,03/24/2017,3,0.0,0,0.0,0.0,0,N/A
Japan,03/25/2017,7,0,0,0,0.0,0,N/A
Japan,03/26/2017,9,0.0,0,0.0,0.0,0,N/A
Japan,03/27/2017,6,0,0,0,0.0,0,N/A
Japan,03/28/2017,9,0,0,0,0.0,0,N/A
Japan,03/29/2017,12,0.39,0,0.39,0.03,0,N/A
Japan,03/30/2017,2,0.0,0,0.0,0.0,0,N/A
Japan,03/31/2017,6,0.0,0,0.0,0.0,0,N/A
Japan,04/01/2017,9,0.0,0,0.0,0.0,0,N/A
Japan,04/02/2017,4,0.14,0,0.14,0.04,0,N/A
Japan,04/03/2017,1,0.09,0,0.09,0.09,0,N/A
Japan,04/04/2017,1,0.0,0,0.0,0.0,0,N/A
Japan,04/08/2017,1,0.0,0,0.0,0.0,0,N/A
Japan,04/21/2017,2,0.0,0,0.0,0.0,0,N/A
Japan,04/22/2017,1,0.03,0,0.03,0.03,0,N/A
Japan,05/01/2017,1,0.0,0,0.0,0.0,0,N/A
Japan,05/02/2017,2,0.0,0,0.0,0.0,0,N/A
Japan,05/03/2017,1,0.0,0,0.0,0.0,0,N/A
Japan,05/07/2017,1,0.0,0,0.0,0.0,0,N/A
Japan,05/08/2017,1,0.0,0,0.0,0.0,0,N/A
Japan,05/12/2017,2,0.0,0,0.0,0.0,0,N/A
Japan,05/13/2017,1,0.0,0,0.0,0.0,0,N/A
Japan,05/17/2017,2,0.0,0,0.0,0.0,0,N/A
Japan,05/19/2017,0,0.1,0,0.1,N/A,0,N/A
Japan,05/23/2017,1,0.01,0,0.01,0.01,0,N/A
Japan,05/27/2017,1,0.0,0,0.0,0.0,0,N/A
Japan,05/28/2017,1,0.0,0,0.0,0.0,0,N/A
Japan,05/29/2017,1,0.0,0,0.0,0.0,0,N/A
Japan,06/10/2017,1,0.0,0,0.0,0.0,0,N/A
Japan,06/15/2017,1,0.0,0,0.0,0.0,0,N/A
Japan,06/17/2017,3,0.0,0,0.0,0.0,0,N/A
Japan,06/18/2017,0,0.19,0,0.19,N/A,0,N/A
Japan,06/23/2017,1,0.0,0,0.0,0.0,0,N/A
Japan,06/24/2017,1,0.0,0,0.0,0.0,0,N/A
Japan,06/26/2017,1,0.0,0,0.0,0.0,0,N/A
Japan,06/30/2017,0,0.08,0,0.08,N/A,0,N/A
Japan,07/10/2017,1,0.0,0,0.0,0.0,0,N/A
Japan,07/17/2017,2,0.0,0,0.0,0.0,0,N/A
Japan,08/01/2017,1,0.0,0,0.0,0.0,0,N/A
Japan,08/03/2017,1,0.0,0,0.0,0.0,0,N/A
Japan,08/07/2017,1,0.0,0,0.0,0.0,0,N/A
Japan,08/08/2017,1,0.0,0,0.0,0.0,0,N/A
Japan,09/09/2017,1,0.39,0,0.39,0.39,0,N/A
Japan,09/16/2017,1,0,0,0,0.0,0,N/A
Japan,10/20/2017,1,0.0,0,0.0,0.0,0,N/A
Japan,11/01/2017,1,0.0,0,0.0,0.0,0,N/A
Japan,11/20/2017,1,0.08,0,0.08,0.08,0,N/A
Japan,12/02/2017,1,0.0,0,0.0,0.0,0,N/A
Japan,12/09/2017,1,0.0,0,0.0,0.0,0,N/A
Japan,12/21/2017,1,0.0,0,0.0,0.0,0,N/A
Japan,01/26/2018,1,0.0,0,0.0,0.0,0,N/A
Japan,02/17/2018,1,0.0,0,0.0,0.0,0,N/A
Japan,03/01/2018,1,0.0,0,0.0,0.0,0,N/A
Japan,03/13/2018,1,0,0,0,0.0,0,N/A
Japan,03/17/2018,1,0.0,0,0.0,0.0,0,N/A
Japan,04/03/2018,1,0.0,0,0.0,0.0,0,N/A
Japan,04/04/2018,1,0.0,0,0.0,0.0,0,N/A
Japan,04/05/2018,0,0.08,0,0.08,N/A,0,N/A
Japan,04/17/2018,1,0.0,0,0.0,0.0,0,N/A
Georgia,07/17/2017,1,0.0,0,0.0,0.0,0,N/A
Georgia,07/28/2017,1,0,0,0,0.0,0,N/A
Georgia,07/31/2017,1,0.0,0,0.0,0.0,0,N/A
Georgia,08/09/2017,1,0.0,0,0.0,0.0,0,N/A
Georgia,02/23/2018,1,0.0,0,0.0,0.0,0,N/A
Georgia,02/26/2018,0,0.03,0,0.03,N/A,0,N/A
Georgia,02/28/2018,0,0.01,0,0.01,N/A,0,N/A
United Kingdom,09/08/2014,1,0.99,0,0.99,0.99,0,N/A
United Kingdom,01/20/2015,1,0,0,0,0.0,0,N/A
United Kingdom,04/15/2015,1,1.09,0,1.09,1.09,0,N/A
United Kingdom,06/12/2015,1,1.1,0,1.1,1.1,0,N/A
United Kingdom,10/02/2015,1,0,0,0,0.0,0,N/A
United Kingdom,02/20/2016,1,0.6,0,0.6,0.6,0,N/A
United Kingdom,03/12/2016,0,0.6,0,0.6,N/A,0,N/A
United Kingdom,04/09/2016,1,0,0,0,0.0,0,N/A
United Kingdom,04/20/2016,1,0.6,0,0.6,0.6,0,N/A
United Kingdom,04/26/2016,1,0,0,0,0.0,0,N/A
United Kingdom,04/27/2016,0,0.6,0,0.6,N/A,0,N/A
United Kingdom,05/14/2016,1,0.59,0,0.59,0.59,0,N/A
United Kingdom,05/28/2016,1,0,0,0,0.0,0,N/A
United Kingdom,05/29/2016,0,0.62,0,0.62,N/A,0,N/A
United Kingdom,06/01/2016,1,0.6,0,0.6,0.6,0,N/A
United Kingdom,06/12/2016,1,0.6,0,0.6,0.6,0,N/A
United Kingdom,06/28/2016,1,0.49,0,0.49,0.49,0,N/A
United Kingdom,07/05/2016,1,0.45,0,0.45,0.45,0,N/A
United Kingdom,07/06/2016,1,0.55,0,0.55,0.55,0,N/A
United Kingdom,07/17/2016,1,0,0,0,0.0,0,N/A
United Kingdom,07/31/2016,1,0.56,0,0.56,0.56,0,N/A
United Kingdom,08/12/2016,1,0.55,0,0.55,0.55,0,N/A
United Kingdom,08/19/2016,1,0.54,0,0.54,0.54,0,N/A
United Kingdom,08/23/2016,0,0.55,0,0.55,N/A,0,N/A
United Kingdom,09/06/2016,1,0.54,0,0.54,0.54,0,N/A
United Kingdom,09/21/2016,1,0.54,0,0.54,0.54,0,N/A
United Kingdom,11/15/2016,3,0.51,0,0.51,0.17,0,N/A
United Kingdom,11/16/2016,1,0,0,0,0.0,0,N/A
United Kingdom,11/19/2016,1,0,0,0,0.0,0,N/A
United Kingdom,11/24/2016,1,0,0,0,0.0,0,N/A
United Kingdom,11/27/2016,2,0.51,0,0.51,0.26,0,N/A
United Kingdom,12/06/2016,2,0,0,0,0.0,0,N/A
United Kingdom,12/15/2016,0,0.17,0,0.17,N/A,0,N/A
United Kingdom,12/26/2016,1,0,0,0,0.0,0,N/A
United Kingdom,12/30/2016,1,0,0,0,0.0,0,N/A
United Kingdom,01/06/2017,1,0,0,0,0.0,0,N/A
United Kingdom,01/07/2017,1,0.0,0,0.0,0.0,0,N/A
United Kingdom,01/08/2017,1,0.0,0,0.0,0.0,0,N/A
United Kingdom,01/16/2017,1,0,0,0,0.0,0,N/A
United Kingdom,01/26/2017,1,0.0,0,0.0,0.0,0,N/A
United Kingdom,01/31/2017,1,0,0,0,0.0,0,N/A
United Kingdom,02/04/2017,1,0.0,0,0.0,0.0,0,N/A
United Kingdom,02/07/2017,1,0.0,0,0.0,0.0,0,N/A
United Kingdom,02/09/2017,1,0.0,0,0.0,0.0,0,N/A
United Kingdom,02/20/2017,1,0.04,0,0.04,0.04,0,N/A
United Kingdom,02/28/2017,1,0,0,0,0.0,0,N/A
United Kingdom,03/02/2017,1,0.0,0,0.0,0.0,0,N/A
United Kingdom,03/06/2017,1,0.0,0,0.0,0.0,0,N/A
United Kingdom,03/08/2017,1,0.0,0,0.0,0.0,0,N/A
United Kingdom,03/09/2017,2,0.0,0,0.0,0.0,0,N/A
United Kingdom,03/16/2017,1,0.0,0,0.0,0.0,0,N/A
United Kingdom,03/18/2017,1,0.0,0,0.0,0.0,0,N/A
United Kingdom,03/19/2017,1,0.0,0,0.0,0.0,0,N/A
United Kingdom,03/20/2017,3,0.0,0,0.0,0.0,0,N/A
United Kingdom,03/21/2017,2,0.43,0,0.43,0.22,0,N/A
United Kingdom,03/23/2017,2,0.12,0,0.12,0.06,0,N/A
United Kingdom,03/24/2017,1,0.21,0,0.21,0.21,0,N/A
United Kingdom,03/25/2017,1,0.0,0,0.0,0.0,0,N/A
United Kingdom,03/26/2017,1,0.0,0,0.0,0.0,0,N/A
United Kingdom,04/01/2017,1,0.0,0,0.0,0.0,0,N/A
United Kingdom,04/06/2017,1,0.0,0,0.0,0.0,0,N/A
United Kingdom,04/08/2017,2,0.0,0,0.0,0.0,0,N/A
United Kingdom,04/09/2017,2,0.0,0,0.0,0.0,0,N/A
United Kingdom,04/14/2017,1,0.0,0,0.0,0.0,0,N/A
United Kingdom,04/21/2017,1,0.0,0,0.0,0.0,0,N/A
United Kingdom,04/22/2017,2,0.0,0,0.0,0.0,0,N/A
United Kingdom,04/26/2017,2,0.0,0,0.0,0.0,0,N/A
United Kingdom,04/27/2017,1,0.0,0,0.0,0.0,0,N/A
United Kingdom,05/05/2017,0,0.03,0,0.03,N/A,0,N/A
United Kingdom,05/06/2017,2,0.05,0,0.05,0.02,0,N/A
United Kingdom,05/07/2017,2,0.0,0,0.0,0.0,0,N/A
United Kingdom,05/09/2017,1,0.0,0,0.0,0.0,0,N/A
United Kingdom,05/10/2017,1,0.0,0,0.0,0.0,0,N/A
United Kingdom,05/11/2017,1,0.0,0,0.0,0.0,0,N/A
United Kingdom,05/12/2017,1,0.0,0,0.0,0.0,0,N/A
United Kingdom,05/14/2017,1,0.0,0,0.0,0.0,0,N/A
United Kingdom,05/18/2017,1,0.0,0,0.0,0.0,0,N/A
United Kingdom,05/21/2017,1,0.0,0,0.0,0.0,0,N/A
United Kingdom,05/22/2017,0,0.18,0,0.18,N/A,0,N/A
United Kingdom,05/25/2017,2,0.0,0,0.0,0.0,0,N/A
United Kingdom,05/26/2017,1,0.0,0,0.0,0.0,0,N/A
United Kingdom,05/28/2017,1,0.0,0,0.0,0.0,0,N/A
United Kingdom,05/31/2017,2,0.0,0,0.0,0.0,0,N/A
United Kingdom,06/05/2017,1,0,0,0,0.0,0,N/A
United Kingdom,06/10/2017,1,0.0,0,0.0,0.0,0,N/A
United Kingdom,06/11/2017,1,0.18,0,0.18,0.18,0,N/A
United Kingdom,06/13/2017,1,0.0,0,0.0,0.0,0,N/A
United Kingdom,06/14/2017,2,0.0,0,0.0,0.0,0,N/A
United Kingdom,06/15/2017,5,0.15,0,0.15,0.03,0,N/A
United Kingdom,06/18/2017,1,0.0,0,0.0,0.0,0,N/A
United Kingdom,06/19/2017,0,0.17,0,0.17,N/A,0,N/A
United Kingdom,06/20/2017,1,0.0,0,0.0,0.0,0,N/A
United Kingdom,06/21/2017,3,0.0,0,0.0,0.0,0,N/A
United Kingdom,06/22/2017,1,0.0,0,0.0,0.0,0,N/A
United Kingdom,06/26/2017,1,0.09,0,0.09,0.09,0,N/A
United Kingdom,06/27/2017,1,0.2,0,0.2,0.2,0,N/A
United Kingdom,06/29/2017,0,0.07,0,0.07,N/A,0,N/A
United Kingdom,06/30/2017,0,0.29,0,0.29,N/A,0,N/A
United Kingdom,07/04/2017,0,0.14,0,0.14,N/A,0,N/A
United Kingdom,07/05/2017,1,0.39,0,0.39,0.39,0,N/A
United Kingdom,07/07/2017,1,0.0,0,0.0,0.0,0,N/A
United Kingdom,07/08/2017,0,0.27,0,0.27,N/A,0,N/A
United Kingdom,07/09/2017,1,0.0,0,0.0,0.0,0,N/A
United Kingdom,07/11/2017,0,0.05,0,0.05,N/A,0,N/A
United Kingdom,07/13/2017,1,0.0,0,0.0,0.0,0,N/A
United Kingdom,07/15/2017,2,0.0,0,0.0,0.0,0,N/A
United Kingdom,07/16/2017,5,0.0,0,0.0,0.0,0,N/A
United Kingdom,07/19/2017,1,0.51,0,0.51,0.51,0,N/A
United Kingdom,07/21/2017,1,0.0,0,0.0,0.0,0,N/A
United Kingdom,07/22/2017,2,0.01,0,0.01,0.0,0,N/A
United Kingdom,07/24/2017,2,0.0,0,0.0,0.0,0,N/A
United Kingdom,07/28/2017,2,0.15,0,0.15,0.07,0,N/A
United Kingdom,07/29/2017,1,0.0,0,0.0,0.0,0,N/A
United Kingdom,07/30/2017,1,0.0,0,0.0,0.0,0,N/A
United Kingdom,08/01/2017,0,0.06,0,0.06,N/A,0,N/A
United Kingdom,08/02/2017,0,0.18,0,0.18,N/A,0,N/A
United Kingdom,08/03/2017,1,0.0,0,0.0,0.0,0,N/A
United Kingdom,08/05/2017,0,0.11,0,0.11,N/A,0,N/A
United Kingdom,08/06/2017,1,0.71,0,0.71,0.71,0,N/A
United Kingdom,08/10/2017,2,0.0,0,0.0,0.0,0,N/A
United Kingdom,08/15/2017,0,0.23,0,0.23,N/A,0,N/A
United Kingdom,08/16/2017,2,0.0,0,0.0,0.0,0,N/A
United Kingdom,08/18/2017,1,0.0,0,0.0,0.0,0,N/A
United Kingdom,08/19/2017,1,0.0,0,0.0,0.0,0,N/A
United Kingdom,08/21/2017,0,0.06,0,0.06,N/A,0,N/A
United Kingdom,08/27/2017,0,0.15,0,0.15,N/A,0,N/A
United Kingdom,08/29/2017,1,0.0,0,0.0,0.0,0,N/A
United Kingdom,09/07/2017,1,0.0,0,0.0,0.0,0,N/A
United Kingdom,09/14/2017,1,0.0,0,0.0,0.0,0,N/A
United Kingdom,09/24/2017,0,0.04,0,0.04,N/A,0,N/A
United Kingdom,10/01/2017,0,0.13,0,0.13,N/A,0,N/A
United Kingdom,10/02/2017,1,0.66,0,0.66,0.66,0,N/A
United Kingdom,10/06/2017,1,0.0,0,0.0,0.0,0,N/A
United Kingdom,10/12/2017,1,0.0,0,0.0,0.0,0,N/A
United Kingdom,10/17/2017,0,0.21,0,0.21,N/A,0,N/A
United Kingdom,10/20/2017,1,0.0,0,0.0,0.0,0,N/A
United Kingdom,11/15/2017,1,0.0,0,0.0,0.0,0,N/A
United Kingdom,01/04/2018,1,0.0,0,0.0,0.0,0,N/A
United Kingdom,01/05/2018,1,0.0,0,0.0,0.0,0,N/A
United Kingdom,01/09/2018,1,0.0,0,0.0,0.0,0,N/A
United Kingdom,01/14/2018,1,0.0,0,0.0,0.0,0,N/A
United Kingdom,01/16/2018,1,0.0,0,0.0,0.0,0,N/A
United Kingdom,01/22/2018,1,0.0,0,0.0,0.0,0,N/A
United Kingdom,01/28/2018,1,0.0,0,0.0,0.0,0,N/A
United Kingdom,01/30/2018,1,0.0,0,0.0,0.0,0,N/A
United Kingdom,02/02/2018,1,0.0,0,0.0,0.0,0,N/A
United Kingdom,02/03/2018,1,0.0,0,0.0,0.0,0,N/A
United Kingdom,02/08/2018,1,0.0,0,0.0,0.0,0,N/A
United Kingdom,02/10/2018,1,0.0,0,0.0,0.0,0,N/A
United Kingdom,02/11/2018,0,0.01,0,0.01,N/A,0,N/A
United Kingdom,02/20/2018,1,0.0,0,0.0,0.0,0,N/A
United Kingdom,02/24/2018,1,0.0,0,0.0,0.0,0,N/A
United Kingdom,03/05/2018,1,0.03,0,0.03,0.03,0,N/A
United Kingdom,03/10/2018,1,0.0,0,0.0,0.0,0,N/A
United Kingdom,03/13/2018,0,0.1,0,0.1,N/A,0,N/A
United Kingdom,03/15/2018,0,0.02,0,0.02,N/A,0,N/A
United Kingdom,03/19/2018,1,0.0,0,0.0,0.0,0,N/A
United Kingdom,03/22/2018,1,0.0,0,0.0,0.0,0,N/A
United Kingdom,03/24/2018,1,0.66,0,0.66,0.66,0,N/A
United Kingdom,03/28/2018,1,0.66,0,0.66,0.66,0,N/A
United Kingdom,04/05/2018,1,0.02,0,0.02,0.02,0,N/A
United Kingdom,04/06/2018,0,0.22,0,0.22,N/A,0,N/A
United Kingdom,04/08/2018,1,0.0,0,0.0,0.0,0,N/A
United Kingdom,04/15/2018,2,0.66,0,0.66,0.33,0,N/A
United Kingdom,04/17/2018,1,0,0,0,0.0,0,N/A
United Kingdom,04/18/2018,2,0.0,0,0.0,0.0,0,N/A
United Kingdom,04/19/2018,1,0.85,0,0.85,0.85,0,N/A
El Salvador,12/22/2016,1,0.0,0,0.0,0.0,0,N/A
El Salvador,04/09/2017,1,0.0,0,0.0,0.0,0,N/A
El Salvador,04/14/2017,1,0.0,0,0.0,0.0,0,N/A
El Salvador,04/15/2017,0,0.01,0,0.01,N/A,0,N/A
El Salvador,06/13/2017,1,0.0,0,0.0,0.0,0,N/A
El Salvador,06/17/2017,1,0,0,0,0.0,0,N/A
El Salvador,01/02/2018,1,0,0,0,0.0,0,N/A
El Salvador,03/12/2018,1,0.0,0,0.0,0.0,0,N/A
Gambia,01/29/2018,1,0.11,0,0.11,0.11,0,N/A
Ghana,05/25/2017,1,0.0,0,0.0,0.0,0,N/A
Ghana,09/08/2017,1,0,0,0,0.0,0,N/A
Ghana,10/16/2017,1,0.0,0,0.0,0.0,0,N/A
Ghana,12/17/2017,0,0.06,0,0.06,N/A,0,N/A
Oman,08/19/2016,1,0,0,0,0.0,0,N/A
Oman,05/01/2017,1,0,0,0,0.0,0,N/A
Oman,05/05/2017,1,0.0,0,0.0,0.0,0,N/A
Oman,05/09/2017,1,0.0,0,0.0,0.0,0,N/A
Oman,11/18/2017,1,0.0,0,0.0,0.0,0,N/A
Tunisia,04/01/2017,1,0.0,0,0.0,0.0,0,N/A
Tunisia,05/26/2017,1,0.02,0,0.02,0.02,0,N/A
Jordan,02/22/2017,1,0.0,0,0.0,0.0,0,N/A
Jordan,05/19/2017,1,0.0,0,0.0,0.0,0,N/A
Jordan,05/25/2017,0,0.01,0,0.01,N/A,0,N/A
Unknown,01/07/2017,1,0,0,0,0.0,0,N/A
Unknown,03/23/2017,1,0,0,0,0.0,0,N/A
Unknown,04/15/2017,1,0,0,0,0.0,0,N/A
Unknown,04/26/2017,1,0,0,0,0.0,0,N/A
Unknown,06/11/2017,1,0,0,0,0.0,0,N/A
Unknown,06/22/2017,1,0,0,0,0.0,0,N/A
Unknown,07/02/2017,1,0,0,0,0.0,0,N/A
Unknown,08/10/2017,1,0,0,0,0.0,0,N/A
Unknown,08/31/2017,1,0,0,0,0.0,0,N/A
Unknown,09/08/2017,1,0,0,0,0.0,0,N/A
Croatia,02/22/2017,1,0.0,0,0.0,0.0,0,N/A
Croatia,02/26/2017,1,0.0,0,0.0,0.0,0,N/A
Croatia,03/01/2017,1,0.0,0,0.0,0.0,0,N/A
Croatia,05/18/2017,1,0.0,0,0.0,0.0,0,N/A
Croatia,05/20/2017,1,0.0,0,0.0,0.0,0,N/A
Croatia,05/21/2017,0,0.01,0,0.01,N/A,0,N/A
Croatia,05/28/2017,1,0.0,0,0.0,0.0,0,N/A
Croatia,06/02/2017,1,0,0,0,0.0,0,N/A
Croatia,06/13/2017,1,0.0,0,0.0,0.0,0,N/A
Croatia,06/15/2017,1,0,0,0,0.0,0,N/A
Croatia,06/21/2017,1,0.0,0,0.0,0.0,0,N/A
Croatia,06/26/2017,1,0.0,0,0.0,0.0,0,N/A
Croatia,07/08/2017,1,0.04,0,0.04,0.04,0,N/A
Croatia,07/09/2017,1,0.0,0,0.0,0.0,0,N/A
Croatia,07/10/2017,0,0.02,0,0.02,N/A,0,N/A
Croatia,07/23/2017,1,0.0,0,0.0,0.0,0,N/A
Croatia,08/03/2017,1,0.03,0,0.03,0.03,0,N/A
Croatia,08/09/2017,0,0.01,0,0.01,N/A,0,N/A
Croatia,08/12/2017,1,0.02,0,0.02,0.02,0,N/A
Croatia,08/16/2017,1,0.0,0,0.0,0.0,0,N/A
Croatia,10/17/2017,1,0.0,0,0.0,0.0,0,N/A
Croatia,01/20/2018,1,0,0,0,0.0,0,N/A
Hungary,04/16/2016,1,0.53,0,0.53,0.53,0,N/A
Hungary,06/26/2016,1,0.53,0,0.53,0.53,0,N/A
Hungary,07/12/2016,1,0.52,0,0.52,0.52,0,N/A
Hungary,02/16/2017,1,0.05,0,0.05,0.05,0,N/A
Hungary,03/03/2017,1,0.0,0,0.0,0.0,0,N/A
Hungary,03/05/2017,1,0.0,0,0.0,0.0,0,N/A
Hungary,03/09/2017,1,0.0,0,0.0,0.0,0,N/A
Hungary,03/27/2017,2,0.0,0,0.0,0.0,0,N/A
Hungary,03/29/2017,1,0.0,0,0.0,0.0,0,N/A
Hungary,04/02/2017,1,0.0,0,0.0,0.0,0,N/A
Hungary,04/27/2017,1,0.0,0,0.0,0.0,0,N/A
Hungary,05/09/2017,1,0.0,0,0.0,0.0,0,N/A
Hungary,05/13/2017,1,0.0,0,0.0,0.0,0,N/A
Hungary,05/14/2017,1,0.0,0,0.0,0.0,0,N/A
Hungary,05/23/2017,2,0.16,0,0.16,0.08,0,N/A
Hungary,05/27/2017,1,0.0,0,0.0,0.0,0,N/A
Hungary,05/28/2017,1,0.0,0,0.0,0.0,0,N/A
Hungary,05/30/2017,1,0.0,0,0.0,0.0,0,N/A
Hungary,06/01/2017,1,0.0,0,0.0,0.0,0,N/A
Hungary,06/02/2017,1,0.09,0,0.09,0.09,0,N/A
Hungary,06/03/2017,0,0.1,0,0.1,N/A,0,N/A
Hungary,06/04/2017,1,0,0,0,0.0,0,N/A
Hungary,06/12/2017,3,0.0,0,0.0,0.0,0,N/A
Hungary,06/13/2017,5,0.0,0,0.0,0.0,0,N/A
Hungary,06/15/2017,0,0.1,0,0.1,N/A,0,N/A
Hungary,06/16/2017,0,0.07,0,0.07,N/A,0,N/A
Hungary,06/17/2017,1,0.0,0,0.0,0.0,0,N/A
Hungary,06/18/2017,0,0.13,0,0.13,N/A,0,N/A
Hungary,06/20/2017,2,0.1,0,0.1,0.05,0,N/A
Hungary,06/21/2017,1,0.0,0,0.0,0.0,0,N/A
Hungary,06/25/2017,2,0.0,0,0.0,0.0,0,N/A
Hungary,06/30/2017,0,0.04,0,0.04,N/A,0,N/A
Hungary,07/07/2017,2,0.11,0,0.11,0.06,0,N/A
Hungary,07/08/2017,0,0.04,0,0.04,N/A,0,N/A
Hungary,07/09/2017,1,0.0,0,0.0,0.0,0,N/A
Hungary,07/10/2017,2,0.02,0,0.02,0.01,0,N/A
Hungary,07/13/2017,1,0.0,0,0.0,0.0,0,N/A
Hungary,07/19/2017,1,0.0,0,0.0,0.0,0,N/A
Hungary,07/21/2017,1,0.0,0,0.0,0.0,0,N/A
Hungary,07/22/2017,1,0.0,0,0.0,0.0,0,N/A
Hungary,07/23/2017,0,0.06,0,0.06,N/A,0,N/A
Hungary,07/25/2017,1,0.0,0,0.0,0.0,0,N/A
Hungary,08/01/2017,1,0.0,0,0.0,0.0,0,N/A
Hungary,08/04/2017,1,0.0,0,0.0,0.0,0,N/A
Hungary,08/05/2017,1,0.0,0,0.0,0.0,0,N/A
Hungary,08/09/2017,0,0.05,0,0.05,N/A,0,N/A
Hungary,08/13/2017,2,0.0,0,0.0,0.0,0,N/A
Hungary,08/16/2017,1,0.0,0,0.0,0.0,0,N/A
Hungary,08/17/2017,1,0.0,0,0.0,0.0,0,N/A
Hungary,08/20/2017,1,0,0,0,0.0,0,N/A
Hungary,08/26/2017,1,0.0,0,0.0,0.0,0,N/A
Hungary,08/27/2017,1,0.02,0,0.02,0.02,0,N/A
Hungary,12/10/2017,1,0.0,0,0.0,0.0,0,N/A
Hungary,02/25/2018,1,0.0,0,0.0,0.0,0,N/A
Hungary,03/31/2018,1,0.0,0,0.0,0.0,0,N/A
Hungary,04/09/2018,1,0.0,0,0.0,0.0,0,N/A
Hong Kong,06/09/2015,1,0.85,0,0.85,0.85,0,N/A
Hong Kong,07/04/2016,1,0,0,0,0.0,0,N/A
Hong Kong,07/06/2016,1,0.65,0,0.65,0.65,0,N/A
Hong Kong,12/05/2016,1,0.0,0,0.0,0.0,0,N/A
Hong Kong,12/06/2016,1,0.0,0,0.0,0.0,0,N/A
Hong Kong,12/11/2016,1,0.0,0,0.0,0.0,0,N/A
Hong Kong,01/27/2017,1,0,0,0,0.0,0,N/A
Hong Kong,01/31/2017,2,0.69,0,0.69,0.35,0,N/A
Hong Kong,02/13/2017,1,0.0,0,0.0,0.0,0,N/A
Hong Kong,02/24/2017,1,0.0,0,0.0,0.0,0,N/A
Hong Kong,03/06/2017,1,0,0,0,0.0,0,N/A
Hong Kong,03/24/2017,1,0.0,0,0.0,0.0,0,N/A
Hong Kong,03/31/2017,1,0.0,0,0.0,0.0,0,N/A
Hong Kong,04/10/2017,1,0,0,0,0.0,0,N/A
Hong Kong,04/23/2017,1,0,0,0,0.0,0,N/A
Hong Kong,05/08/2017,1,0.08,0,0.08,0.08,0,N/A
Hong Kong,05/16/2017,1,0.0,0,0.0,0.0,0,N/A
Hong Kong,05/21/2017,1,0.0,0,0.0,0.0,0,N/A
Hong Kong,05/26/2017,2,0.0,0,0.0,0.0,0,N/A
Hong Kong,07/09/2017,2,0.0,0,0.0,0.0,0,N/A
Hong Kong,07/18/2017,1,0.0,0,0.0,0.0,0,N/A
Hong Kong,07/26/2017,1,0.04,0,0.04,0.04,0,N/A
Hong Kong,08/04/2017,1,0.0,0,0.0,0.0,0,N/A
Hong Kong,08/09/2017,1,0.0,0,0.0,0.0,0,N/A
Hong Kong,09/08/2017,1,0,0,0,0.0,0,N/A
Hong Kong,09/18/2017,1,0.0,0,0.0,0.0,0,N/A
Hong Kong,09/25/2017,1,0.0,0,0.0,0.0,0,N/A
Hong Kong,10/04/2017,1,0.0,0,0.0,0.0,0,N/A
Hong Kong,10/13/2017,1,0.0,0,0.0,0.0,0,N/A
Hong Kong,10/16/2017,1,0,0,0,0.0,0,N/A
Hong Kong,01/03/2018,2,0.0,0,0.0,0.0,0,N/A
Hong Kong,03/25/2018,1,0.0,0,0.0,0.0,0,N/A
Hong Kong,04/03/2018,1,0.0,0,0.0,0.0,0,N/A
Honduras,02/16/2017,1,0.0,0,0.0,0.0,0,N/A
Honduras,05/01/2017,1,0.0,0,0.0,0.0,0,N/A
Honduras,06/07/2017,1,0.0,0,0.0,0.0,0,N/A
Honduras,08/22/2017,1,0.0,0,0.0,0.0,0,N/A
Venezuela,12/24/2016,1,0,0,0,0.0,0,N/A
Venezuela,03/01/2017,1,0,0,0,0.0,0,N/A
Venezuela,04/07/2017,1,0.0,0,0.0,0.0,0,N/A
Venezuela,04/17/2017,1,0.0,0,0.0,0.0,0,N/A
Venezuela,09/11/2017,1,0.0,0,0.0,0.0,0,N/A
Venezuela,10/29/2017,1,0.0,0,0.0,0.0,0,N/A
Venezuela,10/30/2017,0,0.04,0,0.04,N/A,0,N/A
Venezuela,03/01/2018,1,0,0,0,0.0,0,N/A
Puerto Rico,08/09/2017,1,0.0,0,0.0,0.0,0,N/A
Puerto Rico,08/21/2017,1,0.0,0,0.0,0.0,0,N/A
Puerto Rico,08/29/2017,0,0.06,0,0.06,N/A,0,N/A
Portugal,01/12/2016,1,0.56,0,0.56,0.56,0,N/A
Portugal,03/04/2016,1,0.56,0,0.56,0.56,0,N/A
Portugal,02/09/2017,1,0.0,0,0.0,0.0,0,N/A
Portugal,03/01/2017,1,0.0,0,0.0,0.0,0,N/A
Portugal,03/15/2017,1,0.56,0,0.56,0.56,0,N/A
Portugal,03/30/2017,1,0.0,0,0.0,0.0,0,N/A
Portugal,04/02/2017,2,0.61,0,0.61,0.3,0,N/A
Portugal,04/05/2017,1,0.0,0,0.0,0.0,0,N/A
Portugal,04/09/2017,1,0.0,0,0.0,0.0,0,N/A
Portugal,04/22/2017,1,0,0,0,0.0,0,N/A
Portugal,05/02/2017,1,0.0,0,0.0,0.0,0,N/A
Portugal,05/04/2017,1,0.0,0,0.0,0.0,0,N/A
Portugal,05/15/2017,1,0.0,0,0.0,0.0,0,N/A
Portugal,05/19/2017,1,0.0,0,0.0,0.0,0,N/A
Portugal,05/21/2017,2,0.05,0,0.05,0.02,0,N/A
Portugal,05/27/2017,1,0.0,0,0.0,0.0,0,N/A
Portugal,05/29/2017,1,0.04,0,0.04,0.04,0,N/A
Portugal,06/02/2017,1,0.01,0,0.01,0.01,0,N/A
Portugal,06/07/2017,2,0.0,0,0.0,0.0,0,N/A
Portugal,06/10/2017,0,0.01,0,0.01,N/A,0,N/A
Portugal,06/12/2017,1,0.0,0,0.0,0.0,0,N/A
Portugal,06/16/2017,2,0.0,0,0.0,0.0,0,N/A
Portugal,06/18/2017,2,0.11,0,0.11,0.05,0,N/A
Portugal,06/21/2017,0,0.08,0,0.08,N/A,0,N/A
Portugal,06/25/2017,1,0.0,0,0.0,0.0,0,N/A
Portugal,06/27/2017,1,0.0,0,0.0,0.0,0,N/A
Portugal,07/03/2017,2,0.0,0,0.0,0.0,0,N/A
Portugal,07/10/2017,1,0.0,0,0.0,0.0,0,N/A
Portugal,07/11/2017,0,0.04,0,0.04,N/A,0,N/A
Portugal,07/16/2017,3,0.06,0,0.06,0.02,0,N/A
Portugal,07/18/2017,1,0.01,0,0.01,0.01,0,N/A
Portugal,07/22/2017,3,0.0,0,0.0,0.0,0,N/A
Portugal,07/24/2017,0,0.03,0,0.03,N/A,0,N/A
Portugal,07/30/2017,1,0.0,0,0.0,0.0,0,N/A
Portugal,08/01/2017,1,0.0,0,0.0,0.0,0,N/A
Portugal,08/04/2017,1,0.0,0,0.0,0.0,0,N/A
Portugal,08/06/2017,1,0.03,0,0.03,0.03,0,N/A
Portugal,08/07/2017,1,0.0,0,0.0,0.0,0,N/A
Portugal,08/10/2017,1,0.0,0,0.0,0.0,0,N/A
Portugal,08/11/2017,0,0.09,0,0.09,N/A,0,N/A
Portugal,08/15/2017,1,0.0,0,0.0,0.0,0,N/A
Portugal,09/06/2017,1,0.0,0,0.0,0.0,0,N/A
Portugal,10/06/2017,1,0.0,0,0.0,0.0,0,N/A
Portugal,01/07/2018,1,0,0,0,0.0,0,N/A
Portugal,04/13/2018,1,0.01,0,0.01,0.01,0,N/A
Paraguay,07/17/2017,1,0.0,0,0.0,0.0,0,N/A
Paraguay,07/25/2017,1,0.0,0,0.0,0.0,0,N/A
Paraguay,07/30/2017,1,0.01,0,0.01,0.01,0,N/A
Paraguay,09/02/2017,1,0.0,0,0.0,0.0,0,N/A
Paraguay,12/14/2017,1,0.0,0,0.0,0.0,0,N/A
Iraq,04/05/2017,1,0.0,0,0.0,0.0,0,N/A
Iraq,04/18/2017,1,0.0,0,0.0,0.0,0,N/A
Iraq,06/06/2017,1,0,0,0,0.0,0,N/A
Iraq,12/02/2017,1,0,0,0,0.0,0,N/A
Iraq,04/07/2018,1,0.0,0,0.0,0.0,0,N/A
Iraq,04/11/2018,1,0.01,0,0.01,0.01,0,N/A
Panama,11/28/2016,1,0,0,0,0.0,0,N/A
Panama,01/03/2017,1,0.0,0,0.0,0.0,0,N/A
Panama,01/05/2017,1,0.0,0,0.0,0.0,0,N/A
Panama,01/06/2017,1,0.0,0,0.0,0.0,0,N/A
Panama,01/27/2017,1,0.0,0,0.0,0.0,0,N/A
Panama,02/19/2017,1,0.0,0,0.0,0.0,0,N/A
Panama,02/20/2017,1,0.0,0,0.0,0.0,0,N/A
Panama,02/24/2017,1,0,0,0,0.0,0,N/A
Panama,02/25/2017,2,0.0,0,0.0,0.0,0,N/A
Panama,02/28/2017,1,0,0,0,0.0,0,N/A
Panama,03/11/2017,0,0.09,0,0.09,N/A,0,N/A
Panama,03/20/2017,1,0.0,0,0.0,0.0,0,N/A
Panama,03/27/2017,1,0.0,0,0.0,0.0,0,N/A
Panama,04/06/2017,1,0.02,0,0.02,0.02,0,N/A
Panama,04/21/2017,0,0.02,0,0.02,N/A,0,N/A
Panama,04/23/2017,1,0.0,0,0.0,0.0,0,N/A
Panama,04/24/2017,1,0.0,0,0.0,0.0,0,N/A
Panama,06/20/2017,3,0.0,0,0.0,0.0,0,N/A
Panama,08/02/2017,1,0.0,0,0.0,0.0,0,N/A
Panama,09/14/2017,1,0.0,0,0.0,0.0,0,N/A
Panama,01/25/2018,1,0.0,0,0.0,0.0,0,N/A
Panama,02/03/2018,1,0.0,0,0.0,0.0,0,N/A
Panama,02/04/2018,1,0.0,0,0.0,0.0,0,N/A
Panama,03/01/2018,1,0,0,0,0.0,0,N/A
Panama,03/30/2018,0,0.03,0,0.03,N/A,0,N/A
Peru,01/16/2016,1,0.71,0,0.71,0.71,0,N/A
Peru,02/09/2016,1,0.66,0,0.66,0.66,0,N/A
Peru,08/03/2016,1,0.71,0,0.71,0.71,0,N/A
Peru,12/11/2016,3,0.17,0,0.17,0.06,0,N/A
Peru,12/13/2016,1,0.0,0,0.0,0.0,0,N/A
Peru,12/19/2016,1,0.0,0,0.0,0.0,0,N/A
Peru,12/20/2016,1,0.0,0,0.0,0.0,0,N/A
Peru,12/27/2016,1,0.0,0,0.0,0.0,0,N/A
Peru,12/29/2016,1,0.0,0,0.0,0.0,0,N/A
Peru,01/01/2017,1,0.0,0,0.0,0.0,0,N/A
Peru,01/06/2017,1,0,0,0,0.0,0,N/A
Peru,01/07/2017,1,0,0,0,0.0,0,N/A
Peru,01/09/2017,1,0.0,0,0.0,0.0,0,N/A
Peru,01/11/2017,1,0.0,0,0.0,0.0,0,N/A
Peru,01/12/2017,2,0.0,0,0.0,0.0,0,N/A
Peru,01/13/2017,3,0.0,0,0.0,0.0,0,N/A
Peru,01/15/2017,6,0.01,0,0.01,0.0,0,N/A
Peru,01/19/2017,2,0.0,0,0.0,0.0,0,N/A
Peru,01/22/2017,3,0.01,0,0.01,0.0,0,N/A
Peru,01/27/2017,2,0.0,0,0.0,0.0,0,N/A
Peru,01/28/2017,2,0.0,0,0.0,0.0,0,N/A
Peru,01/29/2017,5,0.01,0,0.01,0.0,0,N/A
Peru,01/30/2017,3,0.02,0,0.02,0.01,0,N/A
Peru,02/01/2017,3,0.12,0,0.12,0.04,0,N/A
Peru,02/02/2017,5,0.03,0,0.03,0.01,0,N/A
Peru,02/03/2017,1,0.0,0,0.0,0.0,0,N/A
Peru,02/04/2017,2,0.0,0,0.0,0.0,0,N/A
Peru,02/05/2017,4,0.0,0,0.0,0.0,0,N/A
Peru,02/06/2017,1,0,0,0,0.0,0,N/A
Peru,02/07/2017,1,0.0,0,0.0,0.0,0,N/A
Peru,02/09/2017,3,0.01,0,0.01,0.0,0,N/A
Peru,02/10/2017,1,0.0,0,0.0,0.0,0,N/A
Peru,02/11/2017,2,0.0,0,0.0,0.0,0,N/A
Peru,02/12/2017,1,0.0,0,0.0,0.0,0,N/A
Peru,02/13/2017,1,0.0,0,0.0,0.0,0,N/A
Peru,02/14/2017,1,0.01,0,0.01,0.01,0,N/A
Peru,02/17/2017,1,0.0,0,0.0,0.0,0,N/A
Peru,02/19/2017,4,0.0,0,0.0,0.0,0,N/A
Peru,02/20/2017,0,0.03,0,0.03,N/A,0,N/A
Peru,02/21/2017,2,0.04,0,0.04,0.02,0,N/A
Peru,02/22/2017,1,0.01,0,0.01,0.01,0,N/A
Peru,02/23/2017,0,0.01,0,0.01,N/A,0,N/A
Peru,02/24/2017,0,0.01,0,0.01,N/A,0,N/A
Peru,02/25/2017,1,0.03,0,0.03,0.03,0,N/A
Peru,02/26/2017,2,0.01,0,0.01,0.0,0,N/A
Peru,02/27/2017,1,0.02,0,0.02,0.02,0,N/A
Peru,02/28/2017,2,0.13,0,0.13,0.07,0,N/A
Peru,03/01/2017,0,0.03,0,0.03,N/A,0,N/A
Peru,03/02/2017,1,0.0,0,0.0,0.0,0,N/A
Peru,03/03/2017,1,0.0,0,0.0,0.0,0,N/A
Peru,03/05/2017,2,0.0,0,0.0,0.0,0,N/A
Peru,03/06/2017,2,0.01,0,0.01,0.0,0,N/A
Peru,03/07/2017,0,0.03,0,0.03,N/A,0,N/A
Peru,03/11/2017,1,0.0,0,0.0,0.0,0,N/A
Peru,03/14/2017,2,0.0,0,0.0,0.0,0,N/A
Peru,03/15/2017,1,0.05,0,0.05,0.05,0,N/A
Peru,03/16/2017,1,0.0,0,0.0,0.0,0,N/A
Peru,03/18/2017,2,0.0,0,0.0,0.0,0,N/A
Peru,03/23/2017,1,0.0,0,0.0,0.0,0,N/A
Peru,03/24/2017,1,0.0,0,0.0,0.0,0,N/A
Peru,03/25/2017,1,0.0,0,0.0,0.0,0,N/A
Peru,03/30/2017,1,0.01,0,0.01,0.01,0,N/A
Peru,04/02/2017,1,0.0,0,0.0,0.0,0,N/A
Peru,04/03/2017,0,0.17,0,0.17,N/A,0,N/A
Peru,04/10/2017,1,0.01,0,0.01,0.01,0,N/A
Peru,04/15/2017,1,0.01,0,0.01,0.01,0,N/A
Peru,04/18/2017,1,0.0,0,0.0,0.0,0,N/A
Peru,04/19/2017,1,0.0,0,0.0,0.0,0,N/A
Peru,04/20/2017,1,0.0,0,0.0,0.0,0,N/A
Peru,04/24/2017,3,0.05,0,0.05,0.02,0,N/A
Peru,04/25/2017,0,0.01,0,0.01,N/A,0,N/A
Peru,05/02/2017,0,0.01,0,0.01,N/A,0,N/A
Peru,05/04/2017,0,0.01,0,0.01,N/A,0,N/A
Peru,05/09/2017,0,1.64,0,1.64,N/A,0,N/A
Peru,05/12/2017,2,0.01,0,0.01,0.0,0,N/A
Peru,05/14/2017,0,0.03,0,0.03,N/A,0,N/A
Peru,05/23/2017,1,0.12,0,0.12,0.12,0,N/A
Peru,05/24/2017,0,0.01,0,0.01,N/A,0,N/A
Peru,05/27/2017,1,0.0,0,0.0,0.0,0,N/A
Peru,05/28/2017,2,0.0,0,0.0,0.0,0,N/A
Peru,06/01/2017,1,0.07,0,0.07,0.07,0,N/A
Peru,06/02/2017,1,0.0,0,0.0,0.0,0,N/A
Peru,06/14/2017,1,0.0,0,0.0,0.0,0,N/A
Peru,06/22/2017,1,0.01,0,0.01,0.01,0,N/A
Peru,06/24/2017,0,0.01,0,0.01,N/A,0,N/A
Peru,07/10/2017,1,0.01,0,0.01,0.01,0,N/A
Peru,07/12/2017,2,0.0,0,0.0,0.0,0,N/A
Peru,07/17/2017,1,0.0,0,0.0,0.0,0,N/A
Peru,07/19/2017,0,0.03,0,0.03,N/A,0,N/A
Peru,07/20/2017,0,0.08,0,0.08,N/A,0,N/A
Peru,07/21/2017,1,0.0,0,0.0,0.0,0,N/A
Peru,07/22/2017,0,0.03,0,0.03,N/A,0,N/A
Peru,07/23/2017,0,0.02,0,0.02,N/A,0,N/A
Peru,07/25/2017,0,0.04,0,0.04,N/A,0,N/A
Peru,07/26/2017,0,0.04,0,0.04,N/A,0,N/A
Peru,07/31/2017,0,0.1,0,0.1,N/A,0,N/A
Peru,08/01/2017,0,0.03,0,0.03,N/A,0,N/A
Peru,08/02/2017,0,0.05,0,0.05,N/A,0,N/A
Peru,08/03/2017,2,0.02,0,0.02,0.01,0,N/A
Peru,08/06/2017,0,0.09,0,0.09,N/A,0,N/A
Peru,08/07/2017,0,0.06,0,0.06,N/A,0,N/A
Peru,08/15/2017,1,0.07,0,0.07,0.07,0,N/A
Peru,08/17/2017,1,0.09,0,0.09,0.09,0,N/A
Peru,08/20/2017,1,0,0,0,0.0,0,N/A
Peru,08/29/2017,0,0.1,0,0.1,N/A,0,N/A
Peru,08/31/2017,0,0.05,0,0.05,N/A,0,N/A
Peru,09/18/2017,0,0.04,0,0.04,N/A,0,N/A
Peru,09/19/2017,1,0.0,0,0.0,0.0,0,N/A
Peru,09/25/2017,1,0.0,0,0.0,0.0,0,N/A
Peru,10/01/2017,1,0,0,0,0.0,0,N/A
Peru,10/03/2017,1,0.0,0,0.0,0.0,0,N/A
Peru,10/06/2017,1,0.0,0,0.0,0.0,0,N/A
Peru,10/23/2017,1,0.01,0,0.01,0.01,0,N/A
Peru,11/29/2017,2,0.0,0,0.0,0.0,0,N/A
Peru,12/01/2017,1,0.0,0,0.0,0.0,0,N/A
Peru,12/08/2017,2,0.0,0,0.0,0.0,0,N/A
Peru,12/10/2017,0,0.16,0,0.16,N/A,0,N/A
Peru,12/12/2017,0,0.04,0,0.04,N/A,0,N/A
Peru,12/15/2017,1,0.0,0,0.0,0.0,0,N/A
Peru,12/28/2017,1,0.0,0,0.0,0.0,0,N/A
Peru,01/03/2018,1,0.0,0,0.0,0.0,0,N/A
Peru,01/07/2018,1,0.0,0,0.0,0.0,0,N/A
Peru,01/09/2018,3,0.0,0,0.0,0.0,0,N/A
Peru,01/10/2018,2,0.0,0,0.0,0.0,0,N/A
Peru,01/13/2018,1,0.0,0,0.0,0.0,0,N/A
Peru,01/15/2018,0,0.04,0,0.04,N/A,0,N/A
Peru,01/16/2018,1,0.0,0,0.0,0.0,0,N/A
Peru,01/23/2018,3,0.0,0,0.0,0.0,0,N/A
Peru,01/24/2018,1,0.0,0,0.0,0.0,0,N/A
Peru,01/27/2018,1,0.0,0,0.0,0.0,0,N/A
Peru,01/28/2018,0,0.01,0,0.01,N/A,0,N/A
Peru,02/01/2018,1,0.02,0,0.02,0.02,0,N/A
Peru,02/04/2018,1,0.0,0,0.0,0.0,0,N/A
Peru,02/05/2018,0,0.2,0,0.2,N/A,0,N/A
Peru,02/16/2018,1,0.0,0,0.0,0.0,0,N/A
Peru,02/18/2018,1,0.0,0,0.0,0.0,0,N/A
Peru,02/25/2018,1,0.01,0,0.01,0.01,0,N/A
Peru,04/10/2018,0,0.02,0,0.02,N/A,0,N/A
Pakistan,12/28/2016,1,0.0,0,0.0,0.0,0,N/A
Pakistan,01/22/2017,1,0.0,0,0.0,0.0,0,N/A
Pakistan,02/03/2017,1,0.0,0,0.0,0.0,0,N/A
Pakistan,02/08/2017,1,0.0,0,0.0,0.0,0,N/A
Pakistan,02/19/2017,0,0.01,0,0.01,N/A,0,N/A
Pakistan,03/11/2017,1,0.0,0,0.0,0.0,0,N/A
Pakistan,03/13/2017,1,0.0,0,0.0,0.0,0,N/A
Pakistan,04/23/2017,1,0.0,0,0.0,0.0,0,N/A
Pakistan,05/09/2017,1,0,0,0,0.0,0,N/A
Pakistan,05/27/2017,1,0.0,0,0.0,0.0,0,N/A
Pakistan,08/30/2017,1,0.0,0,0.0,0.0,0,N/A
Pakistan,09/24/2017,1,0.0,0,0.0,0.0,0,N/A
Pakistan,01/08/2018,1,0.0,0,0.0,0.0,0,N/A
Pakistan,01/22/2018,1,0.0,0,0.0,0.0,0,N/A
Philippines,05/01/2015,1,0.88,0,0.88,0.88,0,N/A
Philippines,12/13/2016,1,0.0,0,0.0,0.0,0,N/A
Philippines,12/25/2016,1,0,0,0,0.0,0,N/A
Philippines,12/31/2016,1,0,0,0,0.0,0,N/A
Philippines,01/01/2017,1,0,0,0,0.0,0,N/A
Philippines,03/16/2017,1,0.0,0,0.0,0.0,0,N/A
Philippines,04/07/2017,1,0.0,0,0.0,0.0,0,N/A
Philippines,04/18/2017,1,0.0,0,0.0,0.0,0,N/A
Philippines,04/25/2017,1,0.0,0,0.0,0.0,0,N/A
Philippines,04/30/2017,3,0.02,0,0.02,0.01,0,N/A
Philippines,05/12/2017,1,0,0,0,0.0,0,N/A
Philippines,05/14/2017,1,0,0,0,0.0,0,N/A
Philippines,06/16/2017,0,0.01,0,0.01,N/A,0,N/A
Philippines,06/20/2017,1,0.0,0,0.0,0.0,0,N/A
Philippines,07/16/2017,1,0.0,0,0.0,0.0,0,N/A
Philippines,10/07/2017,1,0.0,0,0.0,0.0,0,N/A
Philippines,12/03/2017,1,0.0,0,0.0,0.0,0,N/A
Philippines,12/10/2017,1,0.0,0,0.0,0.0,0,N/A
Philippines,03/01/2018,1,0.0,0,0.0,0.0,0,N/A
Philippines,03/11/2018,1,0,0,0,0.0,0,N/A
Poland,05/09/2015,1,0.58,0,0.58,0.58,0,N/A
Poland,10/23/2015,1,0.55,0,0.55,0.55,0,N/A
Poland,12/16/2016,1,0.0,0,0.0,0.0,0,N/A
Poland,02/05/2017,1,0.04,0,0.04,0.04,0,N/A
Poland,02/06/2017,1,0.0,0,0.0,0.0,0,N/A
Poland,02/23/2017,1,0.0,0,0.0,0.0,0,N/A
Poland,03/10/2017,1,0.0,0,0.0,0.0,0,N/A
Poland,03/20/2017,1,0.0,0,0.0,0.0,0,N/A
Poland,03/25/2017,1,0.0,0,0.0,0.0,0,N/A
Poland,04/11/2017,1,0.0,0,0.0,0.0,0,N/A
Poland,04/13/2017,1,0,0,0,0.0,0,N/A
Poland,04/30/2017,1,0.0,0,0.0,0.0,0,N/A
Poland,05/03/2017,1,0.0,0,0.0,0.0,0,N/A
Poland,05/08/2017,2,0.16,0,0.16,0.08,0,N/A
Poland,05/10/2017,1,0.0,0,0.0,0.0,0,N/A
Poland,05/13/2017,1,0.0,0,0.0,0.0,0,N/A
Poland,05/14/2017,1,0.0,0,0.0,0.0,0,N/A
Poland,05/18/2017,2,0.0,0,0.0,0.0,0,N/A
Poland,05/22/2017,1,0.0,0,0.0,0.0,0,N/A
Poland,05/23/2017,1,0.0,0,0.0,0.0,0,N/A
Poland,05/25/2017,0,0.01,0,0.01,N/A,0,N/A
Poland,05/28/2017,1,0,0,0,0.0,0,N/A
Poland,06/01/2017,1,0.0,0,0.0,0.0,0,N/A
Poland,06/04/2017,1,0,0,0,0.0,0,N/A
Poland,06/08/2017,0,0.03,0,0.03,N/A,0,N/A
Poland,06/09/2017,0,0.1,0,0.1,N/A,0,N/A
Poland,06/18/2017,1,0.0,0,0.0,0.0,0,N/A
Poland,06/26/2017,2,0.0,0,0.0,0.0,0,N/A
Poland,07/07/2017,1,0.0,0,0.0,0.0,0,N/A
Poland,07/10/2017,1,0.0,0,0.0,0.0,0,N/A
Poland,07/15/2017,1,0.0,0,0.0,0.0,0,N/A
Poland,07/23/2017,1,0.0,0,0.0,0.0,0,N/A
Poland,07/24/2017,1,0.0,0,0.0,0.0,0,N/A
Poland,07/25/2017,1,0.0,0,0.0,0.0,0,N/A
Poland,07/27/2017,1,0.0,0,0.0,0.0,0,N/A
Poland,08/05/2017,1,0.0,0,0.0,0.0,0,N/A
Poland,08/09/2017,1,0.02,0,0.02,0.02,0,N/A
Poland,08/10/2017,1,0.0,0,0.0,0.0,0,N/A
Poland,08/11/2017,1,0.0,0,0.0,0.0,0,N/A
Poland,08/30/2017,1,0.0,0,0.0,0.0,0,N/A
Poland,11/01/2017,1,0.0,0,0.0,0.0,0,N/A
Poland,11/11/2017,1,0.0,0,0.0,0.0,0,N/A
Poland,12/23/2017,1,0.0,0,0.0,0.0,0,N/A
Poland,01/03/2018,2,0.0,0,0.0,0.0,0,N/A
Poland,01/06/2018,1,0.0,0,0.0,0.0,0,N/A
Poland,01/14/2018,1,0.05,0,0.05,0.05,0,N/A
Poland,03/14/2018,1,0.0,0,0.0,0.0,0,N/A
Poland,04/02/2018,1,0,0,0,0.0,0,N/A
Poland,04/18/2018,1,0.0,0,0.0,0.0,0,N/A
Zambia,10/28/2017,1,0.06,0,0.06,0.06,0,N/A
Estonia,05/30/2015,1,0.58,0,0.58,0.58,0,N/A
Estonia,03/13/2016,1,0.58,0,0.58,0.58,0,N/A
Estonia,01/16/2017,1,0.0,0,0.0,0.0,0,N/A
Estonia,03/17/2017,1,0.0,0,0.0,0.0,0,N/A
Estonia,03/30/2017,1,0,0,0,0.0,0,N/A
Estonia,04/20/2017,1,0.0,0,0.0,0.0,0,N/A
Estonia,04/24/2017,1,0.58,0,0.58,0.58,0,N/A
Estonia,05/13/2017,1,0.05,0,0.05,0.05,0,N/A
Estonia,05/19/2017,2,0.09,0,0.09,0.05,0,N/A
Estonia,05/20/2017,2,0.07,0,0.07,0.04,0,N/A
Estonia,05/25/2017,2,0.0,0,0.0,0.0,0,N/A
Estonia,06/30/2017,1,0.58,0,0.58,0.58,0,N/A
Estonia,07/02/2017,1,0.0,0,0.0,0.0,0,N/A
Estonia,07/11/2017,1,0.0,0,0.0,0.0,0,N/A
Estonia,07/23/2017,1,0.0,0,0.0,0.0,0,N/A
Estonia,12/03/2017,1,0,0,0,0.0,0,N/A
Estonia,12/25/2017,1,0.0,0,0.0,0.0,0,N/A
Egypt,09/09/2016,1,0,0,0,0.0,0,N/A
Egypt,03/14/2017,1,0.0,0,0.0,0.0,0,N/A
Egypt,04/25/2017,1,0.0,0,0.0,0.0,0,N/A
Egypt,05/12/2017,1,0.0,0,0.0,0.0,0,N/A
Egypt,05/13/2017,1,0,0,0,0.0,0,N/A
Egypt,07/31/2017,0,0.02,0,0.02,N/A,0,N/A
Egypt,03/02/2018,1,0,0,0,0.0,0,N/A
Egypt,04/18/2018,1,0.0,0,0.0,0.0,0,N/A
South Africa,10/11/2016,1,0.75,0,0.75,0.75,0,N/A
South Africa,12/08/2016,1,0.0,0,0.0,0.0,0,N/A
South Africa,12/18/2016,1,0,0,0,0.0,0,N/A
South Africa,03/21/2017,1,0,0,0,0.0,0,N/A
South Africa,04/27/2017,1,0.0,0,0.0,0.0,0,N/A
South Africa,05/15/2017,1,0.0,0,0.0,0.0,0,N/A
South Africa,05/17/2017,1,0.0,0,0.0,0.0,0,N/A
South Africa,05/25/2017,1,0.0,0,0.0,0.0,0,N/A
South Africa,06/17/2017,1,0.0,0,0.0,0.0,0,N/A
South Africa,07/16/2017,1,0.0,0,0.0,0.0,0,N/A
South Africa,08/02/2017,1,0,0,0,0.0,0,N/A
South Africa,08/20/2017,1,0.0,0,0.0,0.0,0,N/A
South Africa,10/04/2017,1,0.0,0,0.0,0.0,0,N/A
South Africa,10/15/2017,1,0.0,0,0.0,0.0,0,N/A
South Africa,11/20/2017,1,0.0,0,0.0,0.0,0,N/A
South Africa,11/26/2017,1,0.02,0,0.02,0.02,0,N/A
South Africa,11/30/2017,1,0.0,0,0.0,0.0,0,N/A
South Africa,01/04/2018,1,0.0,0,0.0,0.0,0,N/A
South Africa,01/20/2018,1,0.62,0,0.62,0.62,0,N/A
Ecuador,12/02/2016,2,0.0,0,0.0,0.0,0,N/A
Ecuador,12/04/2016,1,0,0,0,0.0,0,N/A
Ecuador,12/10/2016,1,0.0,0,0.0,0.0,0,N/A
Ecuador,12/14/2016,1,0.0,0,0.0,0.0,0,N/A
Ecuador,12/24/2016,1,0,0,0,0.0,0,N/A
Ecuador,12/27/2016,2,0,0,0,0.0,0,N/A
Ecuador,01/04/2017,1,0.04,0,0.04,0.04,0,N/A
Ecuador,01/06/2017,1,0,0,0,0.0,0,N/A
Ecuador,01/19/2017,1,0.0,0,0.0,0.0,0,N/A
Ecuador,01/29/2017,1,0.0,0,0.0,0.0,0,N/A
Ecuador,02/07/2017,1,0.0,0,0.0,0.0,0,N/A
Ecuador,02/09/2017,1,0,0,0,0.0,0,N/A
Ecuador,02/27/2017,1,0.0,0,0.0,0.0,0,N/A
Ecuador,02/28/2017,1,0,0,0,0.0,0,N/A
Ecuador,03/03/2017,0,0.01,0,0.01,N/A,0,N/A
Ecuador,03/09/2017,1,0.0,0,0.0,0.0,0,N/A
Ecuador,03/14/2017,1,0.0,0,0.0,0.0,0,N/A
Ecuador,04/05/2017,1,0.0,0,0.0,0.0,0,N/A
Ecuador,04/15/2017,1,0.0,0,0.0,0.0,0,N/A
Ecuador,04/28/2017,1,0.0,0,0.0,0.0,0,N/A
Ecuador,05/19/2017,0,0.01,0,0.01,N/A,0,N/A
Ecuador,05/27/2017,1,0.01,0,0.01,0.01,0,N/A
Ecuador,06/02/2017,1,0.0,0,0.0,0.0,0,N/A
Ecuador,06/05/2017,1,0,0,0,0.0,0,N/A
Ecuador,06/10/2017,1,0.0,0,0.0,0.0,0,N/A
Ecuador,06/24/2017,1,0.0,0,0.0,0.0,0,N/A
Ecuador,06/29/2017,1,0.0,0,0.0,0.0,0,N/A
Ecuador,07/22/2017,1,0.0,0,0.0,0.0,0,N/A
Ecuador,07/29/2017,1,0.0,0,0.0,0.0,0,N/A
Ecuador,08/02/2017,1,0.0,0,0.0,0.0,0,N/A
Ecuador,08/07/2017,1,0.0,0,0.0,0.0,0,N/A
Ecuador,08/12/2017,1,0.0,0,0.0,0.0,0,N/A
Ecuador,08/18/2017,1,0.0,0,0.0,0.0,0,N/A
Ecuador,08/26/2017,1,0.0,0,0.0,0.0,0,N/A
Ecuador,08/31/2017,1,0.0,0,0.0,0.0,0,N/A
Ecuador,09/11/2017,1,0.0,0,0.0,0.0,0,N/A
Ecuador,09/16/2017,2,0.0,0,0.0,0.0,0,N/A
Ecuador,09/20/2017,3,0.11,0,0.11,0.04,0,N/A
Ecuador,09/21/2017,5,0.0,0,0.0,0.0,0,N/A
Ecuador,09/22/2017,6,0.02,0,0.02,0.0,0,N/A
Ecuador,09/23/2017,3,0.0,0,0.0,0.0,0,N/A
Ecuador,09/24/2017,4,0.0,0,0.0,0.0,0,N/A
Ecuador,09/25/2017,1,0.0,0,0.0,0.0,0,N/A
Ecuador,09/26/2017,1,0.0,0,0.0,0.0,0,N/A
Ecuador,09/28/2017,1,0.13,0,0.13,0.13,0,N/A
Ecuador,09/29/2017,0,0.02,0,0.02,N/A,0,N/A
Ecuador,10/01/2017,1,0.0,0,0.0,0.0,0,N/A
Ecuador,10/02/2017,1,0.0,0,0.0,0.0,0,N/A
Ecuador,10/08/2017,2,0.0,0,0.0,0.0,0,N/A
Ecuador,10/09/2017,1,0.0,0,0.0,0.0,0,N/A
Ecuador,10/16/2017,1,0.0,0,0.0,0.0,0,N/A
Ecuador,10/18/2017,3,0.0,0,0.0,0.0,0,N/A
Ecuador,10/19/2017,1,0.0,0,0.0,0.0,0,N/A
Ecuador,10/23/2017,1,0.0,0,0.0,0.0,0,N/A
Ecuador,10/24/2017,3,0.09,0,0.09,0.03,0,N/A
Ecuador,10/25/2017,5,0.3,0,0.3,0.06,0,N/A
Ecuador,10/28/2017,0,0.01,0,0.01,N/A,0,N/A
Ecuador,10/30/2017,0,0.07,0,0.07,N/A,0,N/A
Ecuador,10/31/2017,0,0.1,0,0.1,N/A,0,N/A
Ecuador,11/01/2017,0,0.01,0,0.01,N/A,0,N/A
Ecuador,11/04/2017,1,0.0,0,0.0,0.0,0,N/A
Ecuador,11/05/2017,1,0.01,0,0.01,0.01,0,N/A
Ecuador,11/06/2017,1,0.0,0,0.0,0.0,0,N/A
Ecuador,11/07/2017,3,0.0,0,0.0,0.0,0,N/A
Ecuador,11/10/2017,3,0.0,0,0.0,0.0,0,N/A
Ecuador,11/12/2017,1,0.0,0,0.0,0.0,0,N/A
Ecuador,11/14/2017,2,0.03,0,0.03,0.01,0,N/A
Ecuador,11/18/2017,1,0.0,0,0.0,0.0,0,N/A
Ecuador,11/19/2017,2,0.0,0,0.0,0.0,0,N/A
Ecuador,11/20/2017,4,0.01,0,0.01,0.0,0,N/A
Ecuador,11/21/2017,2,0.0,0,0.0,0.0,0,N/A
Ecuador,11/25/2017,1,0.16,0,0.16,0.16,0,N/A
Ecuador,11/26/2017,1,0.0,0,0.0,0.0,0,N/A
Ecuador,11/30/2017,1,0.0,0,0.0,0.0,0,N/A
Ecuador,12/07/2017,1,0.0,0,0.0,0.0,0,N/A
Ecuador,12/08/2017,0,0.02,0,0.02,N/A,0,N/A
Ecuador,12/09/2017,1,0.0,0,0.0,0.0,0,N/A
Ecuador,12/20/2017,1,0.0,0,0.0,0.0,0,N/A
Ecuador,12/25/2017,1,0.0,0,0.0,0.0,0,N/A
Ecuador,12/26/2017,2,0.0,0,0.0,0.0,0,N/A
Ecuador,12/27/2017,1,0.0,0,0.0,0.0,0,N/A
Ecuador,01/06/2018,2,0.0,0,0.0,0.0,0,N/A
Ecuador,01/08/2018,1,0.0,0,0.0,0.0,0,N/A
Ecuador,01/11/2018,1,0.07,0,0.07,0.07,0,N/A
Ecuador,01/15/2018,1,0.0,0,0.0,0.0,0,N/A
Ecuador,01/19/2018,1,0.0,0,0.0,0.0,0,N/A
Ecuador,01/26/2018,2,0.0,0,0.0,0.0,0,N/A
Ecuador,01/27/2018,1,0.0,0,0.0,0.0,0,N/A
Ecuador,01/28/2018,3,0.0,0,0.0,0.0,0,N/A
Ecuador,01/29/2018,1,0.0,0,0.0,0.0,0,N/A
Ecuador,02/02/2018,1,0.0,0,0.0,0.0,0,N/A
Ecuador,02/03/2018,1,0.0,0,0.0,0.0,0,N/A
Ecuador,02/04/2018,0,0.04,0,0.04,N/A,0,N/A
Ecuador,02/06/2018,1,0.0,0,0.0,0.0,0,N/A
Ecuador,02/08/2018,0,0.03,0,0.03,N/A,0,N/A
Ecuador,02/09/2018,1,0.0,0,0.0,0.0,0,N/A
Ecuador,02/11/2018,2,0.0,0,0.0,0.0,0,N/A
Ecuador,02/17/2018,0,0.04,0,0.04,N/A,0,N/A
Ecuador,03/14/2018,5,0.0,0,0.0,0.0,0,N/A
Ecuador,03/17/2018,1,0.0,0,0.0,0.0,0,N/A
Ecuador,03/22/2018,1,0.0,0,0.0,0.0,0,N/A
Ecuador,03/24/2018,0,0.03,0,0.03,N/A,0,N/A
Ecuador,03/31/2018,0,0.01,0,0.01,N/A,0,N/A
Ecuador,04/18/2018,1,0.0,0,0.0,0.0,0,N/A
Ecuador,04/19/2018,2,0.03,0,0.03,0.02,0,N/A
Italy,04/19/2015,1,0.57,0,0.57,0.57,0,N/A
Italy,04/24/2015,1,0,0,0,0.0,0,N/A
Italy,04/25/2015,0,0.57,0,0.57,N/A,0,N/A
Italy,05/02/2015,1,0,0,0,0.0,0,N/A
Italy,05/05/2015,1,0.57,0,0.57,0.57,0,N/A
Italy,07/01/2015,1,0.57,0,0.57,0.57,0,N/A
Italy,07/03/2015,1,0,0,0,0.0,0,N/A
Italy,07/04/2015,0,0.57,0,0.57,N/A,0,N/A
Italy,01/25/2016,1,0.57,0,0.57,0.57,0,N/A
Italy,04/09/2016,1,0.57,0,0.57,0.57,0,N/A
Italy,05/30/2016,1,0.57,0,0.57,0.57,0,N/A
Italy,08/19/2016,1,0,0,0,0.0,0,N/A
Italy,11/25/2016,1,0,0,0,0.0,0,N/A
Italy,12/05/2016,1,0.0,0,0.0,0.0,0,N/A
Italy,12/08/2016,1,0,0,0,0.0,0,N/A
Italy,12/10/2016,1,0.0,0,0.0,0.0,0,N/A
Italy,12/11/2016,2,0,0,0,0.0,0,N/A
Italy,12/15/2016,1,0.0,0,0.0,0.0,0,N/A
Italy,12/26/2016,1,0,0,0,0.0,0,N/A
Italy,01/10/2017,1,0.0,0,0.0,0.0,0,N/A
Italy,01/21/2017,1,0.0,0,0.0,0.0,0,N/A
Italy,01/25/2017,1,0,0,0,0.0,0,N/A
Italy,01/31/2017,1,0.0,0,0.0,0.0,0,N/A
Italy,02/15/2017,1,0.0,0,0.0,0.0,0,N/A
Italy,02/18/2017,1,0,0,0,0.0,0,N/A
Italy,02/28/2017,1,0,0,0,0.0,0,N/A
Italy,03/04/2017,1,0.0,0,0.0,0.0,0,N/A
Italy,03/10/2017,1,0.0,0,0.0,0.0,0,N/A
Italy,03/20/2017,1,0.0,0,0.0,0.0,0,N/A
Italy,03/24/2017,1,0.0,0,0.0,0.0,0,N/A
Italy,03/26/2017,1,0.0,0,0.0,0.0,0,N/A
Italy,03/28/2017,1,0.0,0,0.0,0.0,0,N/A
Italy,03/29/2017,2,0.2,0,0.2,0.1,0,N/A
Italy,03/31/2017,1,0.0,0,0.0,0.0,0,N/A
Italy,04/01/2017,1,0.0,0,0.0,0.0,0,N/A
Italy,04/04/2017,1,0.0,0,0.0,0.0,0,N/A
Italy,04/06/2017,1,0.0,0,0.0,0.0,0,N/A
Italy,04/11/2017,2,0.0,0,0.0,0.0,0,N/A
Italy,04/15/2017,2,0.0,0,0.0,0.0,0,N/A
Italy,04/22/2017,1,0.0,0,0.0,0.0,0,N/A
Italy,04/23/2017,1,0.0,0,0.0,0.0,0,N/A
Italy,04/25/2017,1,0.0,0,0.0,0.0,0,N/A
Italy,04/28/2017,2,0.0,0,0.0,0.0,0,N/A
Italy,04/29/2017,1,0.0,0,0.0,0.0,0,N/A
Italy,05/04/2017,0,0.11,0,0.11,N/A,0,N/A
Italy,05/07/2017,1,0,0,0,0.0,0,N/A
Italy,05/08/2017,1,0.0,0,0.0,0.0,0,N/A
Italy,05/15/2017,1,0.0,0,0.0,0.0,0,N/A
Italy,05/16/2017,1,0.0,0,0.0,0.0,0,N/A
Italy,05/17/2017,1,0.0,0,0.0,0.0,0,N/A
Italy,05/18/2017,2,0.0,0,0.0,0.0,0,N/A
Italy,05/19/2017,1,0.0,0,0.0,0.0,0,N/A
Italy,05/26/2017,3,0.57,0,0.57,0.19,0,N/A
Italy,05/28/2017,1,0.0,0,0.0,0.0,0,N/A
Italy,05/29/2017,5,0.0,0,0.0,0.0,0,N/A
Italy,05/30/2017,2,0.0,0,0.0,0.0,0,N/A
Italy,05/31/2017,1,0.06,0,0.06,0.06,0,N/A
Italy,06/01/2017,1,0.0,0,0.0,0.0,0,N/A
Italy,06/02/2017,2,0.05,0,0.05,0.03,0,N/A
Italy,06/03/2017,2,0.04,0,0.04,0.02,0,N/A
Italy,06/06/2017,1,0,0,0,0.0,0,N/A
Italy,06/10/2017,1,0.0,0,0.0,0.0,0,N/A
Italy,06/11/2017,4,0.0,0,0.0,0.0,0,N/A
Italy,06/14/2017,2,0.03,0,0.03,0.01,0,N/A
Italy,06/15/2017,2,0.11,0,0.11,0.05,0,N/A
Italy,06/17/2017,1,0,0,0,0.0,0,N/A
Italy,06/18/2017,1,0.0,0,0.0,0.0,0,N/A
Italy,06/19/2017,1,0.0,0,0.0,0.0,0,N/A
Italy,06/21/2017,1,0.0,0,0.0,0.0,0,N/A
Italy,06/22/2017,0,0.04,0,0.04,N/A,0,N/A
Italy,06/24/2017,1,0.0,0,0.0,0.0,0,N/A
Italy,06/25/2017,1,0.0,0,0.0,0.0,0,N/A
Italy,06/27/2017,2,0.0,0,0.0,0.0,0,N/A
Italy,06/28/2017,2,0.0,0,0.0,0.0,0,N/A
Italy,07/04/2017,1,0.24,0,0.24,0.24,0,N/A
Italy,07/05/2017,1,0.0,0,0.0,0.0,0,N/A
Italy,07/09/2017,1,0.0,0,0.0,0.0,0,N/A
Italy,07/10/2017,0,0.03,0,0.03,N/A,0,N/A
Italy,07/11/2017,1,0.0,0,0.0,0.0,0,N/A
Italy,07/12/2017,2,0.0,0,0.0,0.0,0,N/A
Italy,07/13/2017,3,0.0,0,0.0,0.0,0,N/A
Italy,07/15/2017,2,0.0,0,0.0,0.0,0,N/A
Italy,07/16/2017,1,0.11,0,0.11,0.11,0,N/A
Italy,07/20/2017,1,0.0,0,0.0,0.0,0,N/A
Italy,07/23/2017,1,0.0,0,0.0,0.0,0,N/A
Italy,08/02/2017,1,0.0,0,0.0,0.0,0,N/A
Italy,08/05/2017,0,0.02,0,0.02,N/A,0,N/A
Italy,08/06/2017,1,0.0,0,0.0,0.0,0,N/A
Italy,08/08/2017,1,0.0,0,0.0,0.0,0,N/A
Italy,08/17/2017,2,0.0,0,0.0,0.0,0,N/A
Italy,08/21/2017,1,0.0,0,0.0,0.0,0,N/A
Italy,08/24/2017,1,0.0,0,0.0,0.0,0,N/A
Italy,08/26/2017,2,0.0,0,0.0,0.0,0,N/A
Italy,08/31/2017,1,0.0,0,0.0,0.0,0,N/A
Italy,09/12/2017,1,0.0,0,0.0,0.0,0,N/A
Italy,09/15/2017,1,0.0,0,0.0,0.0,0,N/A
Italy,09/19/2017,1,0.0,0,0.0,0.0,0,N/A
Italy,10/04/2017,1,0.0,0,0.0,0.0,0,N/A
Italy,10/05/2017,1,0.0,0,0.0,0.0,0,N/A
Italy,10/28/2017,1,0.0,0,0.0,0.0,0,N/A
Italy,10/31/2017,1,0.0,0,0.0,0.0,0,N/A
Italy,11/20/2017,1,0.01,0,0.01,0.01,0,N/A
Italy,12/06/2017,1,0.0,0,0.0,0.0,0,N/A
Italy,12/15/2017,0,0.31,0,0.31,N/A,0,N/A
Italy,12/17/2017,1,0.0,0,0.0,0.0,0,N/A
Italy,12/28/2017,1,0.0,0,0.0,0.0,0,N/A
Italy,01/02/2018,1,0.0,0,0.0,0.0,0,N/A
Italy,01/20/2018,1,0.0,0,0.0,0.0,0,N/A
Italy,01/21/2018,1,0.0,0,0.0,0.0,0,N/A
Italy,02/25/2018,1,0.0,0,0.0,0.0,0,N/A
Italy,03/06/2018,1,0.0,0,0.0,0.0,0,N/A
Italy,03/19/2018,1,0.0,0,0.0,0.0,0,N/A
Italy,03/25/2018,1,0.0,0,0.0,0.0,0,N/A
Italy,03/27/2018,1,0.0,0,0.0,0.0,0,N/A
Italy,04/19/2018,1,0.0,0,0.0,0.0,0,N/A
Vietnam,02/06/2015,1,0,0,0,0.0,0,N/A
Vietnam,11/14/2016,1,0,0,0,0.0,0,N/A
Vietnam,11/26/2016,1,0,0,0,0.0,0,N/A
Vietnam,12/01/2016,1,0,0,0,0.0,0,N/A
Vietnam,12/07/2016,1,0,0,0,0.0,0,N/A
Vietnam,12/11/2016,1,0,0,0,0.0,0,N/A
Vietnam,12/23/2016,1,0.0,0,0.0,0.0,0,N/A
Vietnam,01/28/2017,1,0.0,0,0.0,0.0,0,N/A
Vietnam,02/04/2017,1,0.0,0,0.0,0.0,0,N/A
Vietnam,03/10/2017,1,0,0,0,0.0,0,N/A
Vietnam,03/11/2017,1,0,0,0,0.0,0,N/A
Vietnam,03/16/2017,3,0.0,0,0.0,0.0,0,N/A
Vietnam,03/17/2017,1,0.0,0,0.0,0.0,0,N/A
Vietnam,03/25/2017,1,0.0,0,0.0,0.0,0,N/A
Vietnam,04/01/2017,1,0.0,0,0.0,0.0,0,N/A
Vietnam,04/14/2017,1,0.0,0,0.0,0.0,0,N/A
Vietnam,04/17/2017,1,0,0,0,0.0,0,N/A
Vietnam,04/20/2017,1,0.0,0,0.0,0.0,0,N/A
Vietnam,04/24/2017,1,0.0,0,0.0,0.0,0,N/A
Vietnam,04/26/2017,1,0.0,0,0.0,0.0,0,N/A
Vietnam,04/30/2017,1,0,0,0,0.0,0,N/A
Vietnam,05/09/2017,1,0.0,0,0.0,0.0,0,N/A
Vietnam,05/27/2017,1,0.0,0,0.0,0.0,0,N/A
Vietnam,05/28/2017,1,0.0,0,0.0,0.0,0,N/A
Vietnam,06/08/2017,1,0.0,0,0.0,0.0,0,N/A
Vietnam,06/26/2017,1,0.0,0,0.0,0.0,0,N/A
Vietnam,07/03/2017,1,0.0,0,0.0,0.0,0,N/A
Vietnam,07/04/2017,1,0.0,0,0.0,0.0,0,N/A
Vietnam,07/05/2017,1,0.0,0,0.0,0.0,0,N/A
Vietnam,07/22/2017,1,0.0,0,0.0,0.0,0,N/A
Vietnam,07/23/2017,1,0.0,0,0.0,0.0,0,N/A
Vietnam,07/25/2017,1,0.0,0,0.0,0.0,0,N/A
Vietnam,08/16/2017,1,0.01,0,0.01,0.01,0,N/A
Vietnam,08/17/2017,1,0.0,0,0.0,0.0,0,N/A
Vietnam,08/19/2017,1,0.0,0,0.0,0.0,0,N/A
Vietnam,10/01/2017,1,0.0,0,0.0,0.0,0,N/A
Vietnam,11/24/2017,1,0.0,0,0.0,0.0,0,N/A
Vietnam,12/04/2017,0,0.03,0,0.03,N/A,0,N/A
Vietnam,12/09/2017,1,0.0,0,0.0,0.0,0,N/A
Vietnam,12/18/2017,0,0.01,0,0.01,N/A,0,N/A
Vietnam,12/25/2017,1,0.0,0,0.0,0.0,0,N/A
Vietnam,12/28/2017,1,0.0,0,0.0,0.0,0,N/A
Vietnam,12/29/2017,1,0.0,0,0.0,0.0,0,N/A
Vietnam,01/04/2018,2,0.0,0,0.0,0.0,0,N/A
Vietnam,01/06/2018,1,0.0,0,0.0,0.0,0,N/A
Vietnam,01/16/2018,1,0.0,0,0.0,0.0,0,N/A
Vietnam,01/22/2018,1,0.0,0,0.0,0.0,0,N/A
Vietnam,01/23/2018,1,0.0,0,0.0,0.0,0,N/A
Vietnam,03/02/2018,1,0.0,0,0.0,0.0,0,N/A
Vietnam,04/08/2018,1,0.0,0,0.0,0.0,0,N/A
Saudi Arabia,11/14/2016,1,0,0,0,0.0,0,N/A
Saudi Arabia,11/18/2016,2,0,0,0,0.0,0,N/A
Saudi Arabia,11/19/2016,1,0,0,0,0.0,0,N/A
Saudi Arabia,11/22/2016,1,0,0,0,0.0,0,N/A
Saudi Arabia,11/26/2016,1,0,0,0,0.0,0,N/A
Saudi Arabia,12/25/2016,1,0.0,0,0.0,0.0,0,N/A
Saudi Arabia,05/13/2017,1,0.0,0,0.0,0.0,0,N/A
Saudi Arabia,06/15/2017,1,0.0,0,0.0,0.0,0,N/A
Saudi Arabia,06/16/2017,1,0.0,0,0.0,0.0,0,N/A
Saudi Arabia,06/27/2017,1,0.1,0,0.1,0.1,0,N/A
Saudi Arabia,07/08/2017,1,0.0,0,0.0,0.0,0,N/A
Saudi Arabia,08/10/2017,1,0.59,0,0.59,0.59,0,N/A
Saudi Arabia,11/17/2017,1,0.0,0,0.0,0.0,0,N/A
Saudi Arabia,11/18/2017,1,0.0,0,0.0,0.0,0,N/A
Saudi Arabia,12/14/2017,1,0,0,0,0.0,0,N/A
Saudi Arabia,01/20/2018,1,0.0,0,0.0,0.0,0,N/A
Saudi Arabia,02/18/2018,1,0.0,0,0.0,0.0,0,N/A
Spain,04/28/2015,1,0.57,0,0.57,0.57,0,N/A
Spain,05/07/2015,1,0.57,0,0.57,0.57,0,N/A
Spain,05/11/2015,1,0.57,0,0.57,0.57,0,N/A
Spain,06/08/2015,1,0.57,0,0.57,0.57,0,N/A
Spain,06/29/2015,1,0.57,0,0.57,0.57,0,N/A
Spain,07/07/2015,1,0.57,0,0.57,0.57,0,N/A
Spain,09/14/2015,1,0,0,0,0.0,0,N/A
Spain,09/15/2015,0,0.57,0,0.57,N/A,0,N/A
Spain,05/31/2016,1,0.57,0,0.57,0.57,0,N/A
Spain,06/23/2016,1,0.57,0,0.57,0.57,0,N/A
Spain,07/09/2016,1,0.57,0,0.57,0.57,0,N/A
Spain,07/22/2016,1,0.57,0,0.57,0.57,0,N/A
Spain,11/18/2016,1,0,0,0,0.0,0,N/A
Spain,11/22/2016,1,0,0,0,0.0,0,N/A
Spain,12/04/2016,1,0.0,0,0.0,0.0,0,N/A
Spain,12/13/2016,1,0.0,0,0.0,0.0,0,N/A
Spain,12/14/2016,1,0.0,0,0.0,0.0,0,N/A
Spain,12/24/2016,1,0.0,0,0.0,0.0,0,N/A
Spain,01/03/2017,1,0.0,0,0.0,0.0,0,N/A
Spain,01/04/2017,1,0.0,0,0.0,0.0,0,N/A
Spain,01/06/2017,1,0.0,0,0.0,0.0,0,N/A
Spain,01/09/2017,2,0.03,0,0.03,0.01,0,N/A
Spain,01/10/2017,1,0.0,0,0.0,0.0,0,N/A
Spain,01/11/2017,1,0.0,0,0.0,0.0,0,N/A
Spain,01/12/2017,1,0.0,0,0.0,0.0,0,N/A
Spain,01/17/2017,1,0.0,0,0.0,0.0,0,N/A
Spain,01/30/2017,1,0.0,0,0.0,0.0,0,N/A
Spain,01/31/2017,1,0.0,0,0.0,0.0,0,N/A
Spain,02/02/2017,5,0.0,0,0.0,0.0,0,N/A
Spain,02/03/2017,3,0.0,0,0.0,0.0,0,N/A
Spain,02/04/2017,1,0.03,0,0.03,0.03,0,N/A
Spain,02/05/2017,3,0.07,0,0.07,0.02,0,N/A
Spain,02/06/2017,2,0.0,0,0.0,0.0,0,N/A
Spain,02/09/2017,1,0.0,0,0.0,0.0,0,N/A
Spain,02/10/2017,2,0.0,0,0.0,0.0,0,N/A
Spain,02/11/2017,1,0.0,0,0.0,0.0,0,N/A
Spain,02/12/2017,1,0.0,0,0.0,0.0,0,N/A
Spain,02/14/2017,1,0.0,0,0.0,0.0,0,N/A
Spain,02/15/2017,1,0.01,0,0.01,0.01,0,N/A
Spain,02/16/2017,3,0.0,0,0.0,0.0,0,N/A
Spain,02/17/2017,1,0.0,0,0.0,0.0,0,N/A
Spain,02/19/2017,1,0.0,0,0.0,0.0,0,N/A
Spain,02/22/2017,1,0.0,0,0.0,0.0,0,N/A
Spain,02/23/2017,1,0.0,0,0.0,0.0,0,N/A
Spain,02/24/2017,1,0.0,0,0.0,0.0,0,N/A
Spain,03/01/2017,1,0.0,0,0.0,0.0,0,N/A
Spain,03/04/2017,2,0.0,0,0.0,0.0,0,N/A
Spain,03/07/2017,1,0.0,0,0.0,0.0,0,N/A
Spain,03/09/2017,1,0.0,0,0.0,0.0,0,N/A
Spain,03/12/2017,1,0.0,0,0.0,0.0,0,N/A
Spain,03/15/2017,2,0.0,0,0.0,0.0,0,N/A
Spain,03/18/2017,1,0.0,0,0.0,0.0,0,N/A
Spain,03/19/2017,1,0.0,0,0.0,0.0,0,N/A
Spain,03/20/2017,0,0.05,0,0.05,N/A,0,N/A
Spain,03/21/2017,1,0.39,0,0.39,0.39,0,N/A
Spain,03/22/2017,2,0.0,0,0.0,0.0,0,N/A
Spain,03/25/2017,1,0.06,0,0.06,0.06,0,N/A
Spain,03/27/2017,1,0.0,0,0.0,0.0,0,N/A
Spain,03/28/2017,1,0.2,0,0.2,0.2,0,N/A
Spain,03/30/2017,0,0.03,0,0.03,N/A,0,N/A
Spain,03/31/2017,1,0.0,0,0.0,0.0,0,N/A
Spain,04/02/2017,2,0.0,0,0.0,0.0,0,N/A
Spain,04/03/2017,1,0.12,0,0.12,0.12,0,N/A
Spain,04/04/2017,1,0.0,0,0.0,0.0,0,N/A
Spain,04/07/2017,1,0.0,0,0.0,0.0,0,N/A
Spain,04/10/2017,2,0.13,0,0.13,0.07,0,N/A
Spain,04/11/2017,2,0.07,0,0.07,0.03,0,N/A
Spain,04/15/2017,1,0.05,0,0.05,0.05,0,N/A
Spain,04/16/2017,1,0.0,0,0.0,0.0,0,N/A
Spain,04/17/2017,1,0.0,0,0.0,0.0,0,N/A
Spain,04/21/2017,1,0.0,0,0.0,0.0,0,N/A
Spain,04/24/2017,1,0.0,0,0.0,0.0,0,N/A
Spain,04/26/2017,2,0.18,0,0.18,0.09,0,N/A
Spain,04/27/2017,2,0.02,0,0.02,0.01,0,N/A
Spain,04/30/2017,1,0.58,0,0.58,0.58,0,N/A
Spain,05/02/2017,1,0.0,0,0.0,0.0,0,N/A
Spain,05/04/2017,1,0.0,0,0.0,0.0,0,N/A
Spain,05/05/2017,0,0.02,0,0.02,N/A,0,N/A
Spain,05/08/2017,1,0.04,0,0.04,0.04,0,N/A
Spain,05/09/2017,1,0.0,0,0.0,0.0,0,N/A
Spain,05/10/2017,1,0.0,0,0.0,0.0,0,N/A
Spain,05/11/2017,3,0.0,0,0.0,0.0,0,N/A
Spain,05/12/2017,0,0.12,0,0.12,N/A,0,N/A
Spain,05/13/2017,1,0.02,0,0.02,0.02,0,N/A
Spain,05/14/2017,0,0.03,0,0.03,N/A,0,N/A
Spain,05/15/2017,3,0.0,0,0.0,0.0,0,N/A
Spain,05/16/2017,2,0.0,0,0.0,0.0,0,N/A
Spain,05/18/2017,1,0.04,0,0.04,0.04,0,N/A
Spain,05/19/2017,1,0.0,0,0.0,0.0,0,N/A
Spain,05/20/2017,1,0.0,0,0.0,0.0,0,N/A
Spain,05/22/2017,2,0.0,0,0.0,0.0,0,N/A
Spain,05/23/2017,1,0.0,0,0.0,0.0,0,N/A
Spain,05/24/2017,3,0.14,0,0.14,0.05,0,N/A
Spain,05/25/2017,1,0.0,0,0.0,0.0,0,N/A
Spain,05/26/2017,3,0.0,0,0.0,0.0,0,N/A
Spain,05/27/2017,3,0.03,0,0.03,0.01,0,N/A
Spain,05/28/2017,1,0.0,0,0.0,0.0,0,N/A
Spain,05/30/2017,1,0.0,0,0.0,0.0,0,N/A
Spain,05/31/2017,1,0.06,0,0.06,0.06,0,N/A
Spain,06/01/2017,0,0.05,0,0.05,N/A,0,N/A
Spain,06/02/2017,1,0.0,0,0.0,0.0,0,N/A
Spain,06/04/2017,1,0,0,0,0.0,0,N/A
Spain,06/05/2017,1,0,0,0,0.0,0,N/A
Spain,06/07/2017,2,0.0,0,0.0,0.0,0,N/A
Spain,06/08/2017,1,0.0,0,0.0,0.0,0,N/A
Spain,06/09/2017,2,0.0,0,0.0,0.0,0,N/A
Spain,06/10/2017,2,0.01,0,0.01,0.0,0,N/A
Spain,06/11/2017,3,0.0,0,0.0,0.0,0,N/A
Spain,06/12/2017,4,0.0,0,0.0,0.0,0,N/A
Spain,06/13/2017,3,0.0,0,0.0,0.0,0,N/A
Spain,06/14/2017,3,0.3,0,0.3,0.1,0,N/A
Spain,06/15/2017,6,0.0,0,0.0,0.0,0,N/A
Spain,06/16/2017,0,0.07,0,0.07,N/A,0,N/A
Spain,06/17/2017,2,0.0,0,0.0,0.0,0,N/A
Spain,06/18/2017,2,0.0,0,0.0,0.0,0,N/A
Spain,06/19/2017,7,0.03,0,0.03,0.0,0,N/A
Spain,06/20/2017,2,0.02,0,0.02,0.01,0,N/A
Spain,06/21/2017,3,0.0,0,0.0,0.0,0,N/A
Spain,06/22/2017,1,0.04,0,0.04,0.04,0,N/A
Spain,06/23/2017,1,0.0,0,0.0,0.0,0,N/A
Spain,06/24/2017,1,0.0,0,0.0,0.0,0,N/A
Spain,06/25/2017,2,0.19,0,0.19,0.09,0,N/A
Spain,06/27/2017,2,0.0,0,0.0,0.0,0,N/A
Spain,06/29/2017,0,0.2,0,0.2,N/A,0,N/A
Spain,07/01/2017,2,0.13,0,0.13,0.07,0,N/A
Spain,07/02/2017,1,0.06,0,0.06,0.06,0,N/A
Spain,07/03/2017,1,0.14,0,0.14,0.14,0,N/A
Spain,07/04/2017,1,0.0,0,0.0,0.0,0,N/A
Spain,07/05/2017,1,0.0,0,0.0,0.0,0,N/A
Spain,07/06/2017,1,0.0,0,0.0,0.0,0,N/A
Spain,07/07/2017,1,0.0,0,0.0,0.0,0,N/A
Spain,07/08/2017,0,0.1,0,0.1,N/A,0,N/A
Spain,07/09/2017,3,0.06,0,0.06,0.02,0,N/A
Spain,07/10/2017,2,0.06,0,0.06,0.03,0,N/A
Spain,07/11/2017,2,0.05,0,0.05,0.03,0,N/A
Spain,07/12/2017,3,0.0,0,0.0,0.0,0,N/A
Spain,07/14/2017,2,0.0,0,0.0,0.0,0,N/A
Spain,07/15/2017,1,0.0,0,0.0,0.0,0,N/A
Spain,07/17/2017,1,0.0,0,0.0,0.0,0,N/A
Spain,07/18/2017,2,0.0,0,0.0,0.0,0,N/A
Spain,07/19/2017,1,0.0,0,0.0,0.0,0,N/A
Spain,07/20/2017,1,0.0,0,0.0,0.0,0,N/A
Spain,07/22/2017,1,0.0,0,0.0,0.0,0,N/A
Spain,07/23/2017,1,0.0,0,0.0,0.0,0,N/A
Spain,07/26/2017,2,0.0,0,0.0,0.0,0,N/A
Spain,07/27/2017,1,0.0,0,0.0,0.0,0,N/A
Spain,07/29/2017,2,0.0,0,0.0,0.0,0,N/A
Spain,07/30/2017,0,0.05,0,0.05,N/A,0,N/A
Spain,07/31/2017,3,0.03,0,0.03,0.01,0,N/A
Spain,08/01/2017,1,0.0,0,0.0,0.0,0,N/A
Spain,08/02/2017,0,0.06,0,0.06,N/A,0,N/A
Spain,08/03/2017,3,0.0,0,0.0,0.0,0,N/A
Spain,08/04/2017,1,0.0,0,0.0,0.0,0,N/A
Spain,08/06/2017,0,0.04,0,0.04,N/A,0,N/A
Spain,08/08/2017,1,0.0,0,0.0,0.0,0,N/A
Spain,08/09/2017,0,0.03,0,0.03,N/A,0,N/A
Spain,08/12/2017,1,0.0,0,0.0,0.0,0,N/A
Spain,08/18/2017,3,0.07,0,0.07,0.02,0,N/A
Spain,08/19/2017,2,0.0,0,0.0,0.0,0,N/A
Spain,08/21/2017,1,0.0,0,0.0,0.0,0,N/A
Spain,08/27/2017,1,0.0,0,0.0,0.0,0,N/A
Spain,08/28/2017,1,0.0,0,0.0,0.0,0,N/A
Spain,08/29/2017,0,0.03,0,0.03,N/A,0,N/A
Spain,08/31/2017,1,0.0,0,0.0,0.0,0,N/A
Spain,09/13/2017,0,0.1,0,0.1,N/A,0,N/A
Spain,09/19/2017,2,0.09,0,0.09,0.05,0,N/A
Spain,09/25/2017,0,0.01,0,0.01,N/A,0,N/A
Spain,10/06/2017,1,0.0,0,0.0,0.0,0,N/A
Spain,10/13/2017,1,0.0,0,0.0,0.0,0,N/A
Spain,10/18/2017,1,0.0,0,0.0,0.0,0,N/A
Spain,10/23/2017,1,0.0,0,0.0,0.0,0,N/A
Spain,11/05/2017,0,0.05,0,0.05,N/A,0,N/A
Spain,11/17/2017,1,0.0,0,0.0,0.0,0,N/A
Spain,11/30/2017,1,0.0,0,0.0,0.0,0,N/A
Spain,12/01/2017,1,0.0,0,0.0,0.0,0,N/A
Spain,12/04/2017,1,0.0,0,0.0,0.0,0,N/A
Spain,12/18/2017,1,0.0,0,0.0,0.0,0,N/A
Spain,12/28/2017,1,0.0,0,0.0,0.0,0,N/A
Spain,01/10/2018,0,0.06,0,0.06,N/A,0,N/A
Spain,01/24/2018,0,0.27,0,0.27,N/A,0,N/A
Spain,01/30/2018,1,0.0,0,0.0,0.0,0,N/A
Spain,01/31/2018,0,0.01,0,0.01,N/A,0,N/A
Spain,02/22/2018,0,0.03,0,0.03,N/A,0,N/A
Spain,02/25/2018,1,0.0,0,0.0,0.0,0,N/A
Spain,03/07/2018,1,0.22,0,0.22,0.22,0,N/A
Spain,03/14/2018,1,0.0,0,0.0,0.0,0,N/A
Spain,03/17/2018,1,0.06,0,0.06,0.06,0,N/A
Spain,03/30/2018,0,0.04,0,0.04,N/A,0,N/A
Spain,03/31/2018,1,0.0,0,0.0,0.0,0,N/A
Spain,04/11/2018,1,0.0,0,0.0,0.0,0,N/A
Spain,04/13/2018,0,0.15,0,0.15,N/A,0,N/A
Spain,04/15/2018,1,0,0,0,0.0,0,N/A
Moldova,06/27/2017,1,0.0,0,0.0,0.0,0,N/A
Moldova,07/01/2017,1,0.0,0,0.0,0.0,0,N/A
Morocco,04/22/2017,1,0.0,0,0.0,0.0,0,N/A
Morocco,05/12/2017,1,0.0,0,0.0,0.0,0,N/A
Morocco,07/20/2017,1,0.0,0,0.0,0.0,0,N/A
Morocco,08/03/2017,1,0.0,0,0.0,0.0,0,N/A
Morocco,10/12/2017,1,0.0,0,0.0,0.0,0,N/A
Morocco,10/30/2017,1,0.0,0,0.0,0.0,0,N/A
Morocco,10/31/2017,0,0.01,0,0.01,N/A,0,N/A
Morocco,03/26/2018,1,0.0,0,0.0,0.0,0,N/A
Uzbekistan,04/19/2017,1,0.0,0,0.0,0.0,0,N/A
Uzbekistan,06/10/2017,0,0.02,0,0.02,N/A,0,N/A
Myanmar,03/22/2017,1,0.0,0,0.0,0.0,0,N/A
Myanmar,04/06/2017,1,0.0,0,0.0,0.0,0,N/A
Myanmar,05/07/2017,1,0,0,0,0.0,0,N/A
Myanmar,09/01/2017,1,0,0,0,0.0,0,N/A
Myanmar,11/07/2017,1,0.03,0,0.03,0.03,0,N/A
Myanmar,03/19/2018,1,0.05,0,0.05,0.05,0,N/A
Mali,05/26/2017,1,0,0,0,0.0,0,N/A
Mali,03/30/2018,1,0,0,0,0.0,0,N/A
Macau,04/05/2017,1,0.0,0,0.0,0.0,0,N/A
Macedonia,04/18/2016,1,0.69,0,0.69,0.69,0,N/A
Macedonia,03/13/2017,1,0.0,0,0.0,0.0,0,N/A
Macedonia,03/15/2017,0,0.01,0,0.01,N/A,0,N/A
Macedonia,03/19/2017,1,0.0,0,0.0,0.0,0,N/A
Macedonia,06/04/2017,1,0,0,0,0.0,0,N/A
Macedonia,06/29/2017,1,0.0,0,0.0,0.0,0,N/A
Macedonia,07/02/2017,1,0.09,0,0.09,0.09,0,N/A
Macedonia,07/09/2017,1,0.0,0,0.0,0.0,0,N/A
Macedonia,07/10/2017,1,0.01,0,0.01,0.01,0,N/A
Macedonia,08/03/2017,1,0.0,0,0.0,0.0,0,N/A
Macedonia,08/05/2017,1,0.0,0,0.0,0.0,0,N/A
Macedonia,08/09/2017,1,0.0,0,0.0,0.0,0,N/A
Macedonia,08/17/2017,1,0.0,0,0.0,0.0,0,N/A
Macedonia,08/26/2017,0,0.01,0,0.01,N/A,0,N/A
Macedonia,12/09/2017,1,0.0,0,0.0,0.0,0,N/A
Macedonia,01/25/2018,1,0,0,0,0.0,0,N/A
Mauritius,12/11/2016,1,0.0,0,0.0,0.0,0,N/A
Mauritius,02/11/2018,0,0.31,0,0.31,N/A,0,N/A
Mauritius,02/15/2018,0,0.16,0,0.16,N/A,0,N/A
Malta,07/27/2017,1,0.0,0,0.0,0.0,0,N/A
Malta,10/28/2017,1,0.0,0,0.0,0.0,0,N/A
Maldives,02/09/2018,0,0.11,0,0.11,N/A,0,N/A
Martinique,02/15/2017,0,0.17,0,0.17,N/A,0,N/A
Mauritania,03/30/2017,1,0.0,0,0.0,0.0,0,N/A
Tanzania,03/02/2017,1,0.0,0,0.0,0.0,0,N/A
Malaysia,02/27/2016,1,0,0,0,0.0,0,N/A
Malaysia,02/28/2016,0,0.66,0,0.66,N/A,0,N/A
Malaysia,02/04/2017,1,0.0,0,0.0,0.0,0,N/A
Malaysia,02/06/2017,2,0,0,0,0.0,0,N/A
Malaysia,02/08/2017,1,0.0,0,0.0,0.0,0,N/A
Malaysia,02/11/2017,1,0,0,0,0.0,0,N/A
Malaysia,02/24/2017,1,0.0,0,0.0,0.0,0,N/A
Malaysia,03/16/2017,1,0.0,0,0.0,0.0,0,N/A
Malaysia,03/20/2017,1,0.0,0,0.0,0.0,0,N/A
Malaysia,03/21/2017,1,0.0,0,0.0,0.0,0,N/A
Malaysia,03/23/2017,1,0.0,0,0.0,0.0,0,N/A
Malaysia,03/24/2017,0,0.06,0,0.06,N/A,0,N/A
Malaysia,03/31/2017,1,0.0,0,0.0,0.0,0,N/A
Malaysia,04/17/2017,1,0,0,0,0.0,0,N/A
Malaysia,04/20/2017,1,0,0,0,0.0,0,N/A
Malaysia,04/22/2017,1,0.0,0,0.0,0.0,0,N/A
Malaysia,04/24/2017,1,0.0,0,0.0,0.0,0,N/A
Malaysia,05/07/2017,1,0.0,0,0.0,0.0,0,N/A
Malaysia,05/14/2017,1,0.0,0,0.0,0.0,0,N/A
Malaysia,05/17/2017,1,0.0,0,0.0,0.0,0,N/A
Malaysia,06/04/2017,1,0,0,0,0.0,0,N/A
Malaysia,06/15/2017,1,0.0,0,0.0,0.0,0,N/A
Malaysia,06/16/2017,1,0.0,0,0.0,0.0,0,N/A
Malaysia,06/26/2017,1,0.08,0,0.08,0.08,0,N/A
Malaysia,07/13/2017,1,0.0,0,0.0,0.0,0,N/A
Malaysia,07/28/2017,1,0.0,0,0.0,0.0,0,N/A
Malaysia,08/08/2017,1,0.0,0,0.0,0.0,0,N/A
Malaysia,09/26/2017,1,0.0,0,0.0,0.0,0,N/A
Malaysia,09/28/2017,1,0.0,0,0.0,0.0,0,N/A
Malaysia,09/30/2017,1,0.05,0,0.05,0.05,0,N/A
Malaysia,11/25/2017,1,0.0,0,0.0,0.0,0,N/A
Malaysia,12/15/2017,1,0.0,0,0.0,0.0,0,N/A
Malaysia,12/25/2017,1,0.0,0,0.0,0.0,0,N/A
Malaysia,02/12/2018,1,0,0,0,0.0,0,N/A
Malaysia,02/14/2018,1,0.0,0,0.0,0.0,0,N/A
Malaysia,03/01/2018,1,0.0,0,0.0,0.0,0,N/A
Malaysia,03/18/2018,1,0,0,0,0.0,0,N/A
Mexico,05/12/2015,1,0.71,0,0.71,0.71,0,N/A
Mexico,07/05/2015,1,0,0,0,0.0,0,N/A
Mexico,07/06/2015,0,0.7,0,0.7,N/A,0,N/A
Mexico,05/26/2016,1,0.61,0,0.61,0.61,0,N/A
Mexico,06/15/2016,1,0.57,0,0.57,0.57,0,N/A
Mexico,07/14/2016,1,0.6,0,0.6,0.6,0,N/A
Mexico,11/18/2016,1,0,0,0,0.0,0,N/A
Mexico,12/02/2016,1,0.0,0,0.0,0.0,0,N/A
Mexico,12/05/2016,1,0.0,0,0.0,0.0,0,N/A
Mexico,12/07/2016,1,0.0,0,0.0,0.0,0,N/A
Mexico,12/08/2016,1,0,0,0,0.0,0,N/A
Mexico,12/10/2016,1,0.0,0,0.0,0.0,0,N/A
Mexico,12/21/2016,1,0.01,0,0.01,0.01,0,N/A
Mexico,12/28/2016,2,0.0,0,0.0,0.0,0,N/A
Mexico,12/31/2016,1,0.0,0,0.0,0.0,0,N/A
Mexico,01/08/2017,1,0.0,0,0.0,0.0,0,N/A
Mexico,01/11/2017,1,0.0,0,0.0,0.0,0,N/A
Mexico,01/13/2017,1,0.0,0,0.0,0.0,0,N/A
Mexico,01/27/2017,2,0.0,0,0.0,0.0,0,N/A
Mexico,02/01/2017,1,0.0,0,0.0,0.0,0,N/A
Mexico,02/06/2017,1,0.04,0,0.04,0.04,0,N/A
Mexico,02/08/2017,2,0.0,0,0.0,0.0,0,N/A
Mexico,02/24/2017,1,0.01,0,0.01,0.01,0,N/A
Mexico,02/25/2017,0,0.01,0,0.01,N/A,0,N/A
Mexico,02/28/2017,2,0.0,0,0.0,0.0,0,N/A
Mexico,03/02/2017,1,0.0,0,0.0,0.0,0,N/A
Mexico,03/16/2017,1,0.0,0,0.0,0.0,0,N/A
Mexico,03/20/2017,1,0.0,0,0.0,0.0,0,N/A
Mexico,03/28/2017,3,0.0,0,0.0,0.0,0,N/A
Mexico,04/12/2017,2,0.0,0,0.0,0.0,0,N/A
Mexico,04/13/2017,1,0.0,0,0.0,0.0,0,N/A
Mexico,04/14/2017,1,0.0,0,0.0,0.0,0,N/A
Mexico,04/17/2017,1,0.0,0,0.0,0.0,0,N/A
Mexico,04/18/2017,1,0.0,0,0.0,0.0,0,N/A
Mexico,04/19/2017,2,0.03,0,0.03,0.01,0,N/A
Mexico,04/22/2017,1,0.0,0,0.0,0.0,0,N/A
Mexico,04/24/2017,1,0.0,0,0.0,0.0,0,N/A
Mexico,04/25/2017,2,0.0,0,0.0,0.0,0,N/A
Mexico,04/26/2017,1,0.0,0,0.0,0.0,0,N/A
Mexico,04/30/2017,1,0.0,0,0.0,0.0,0,N/A
Mexico,05/01/2017,1,0.0,0,0.0,0.0,0,N/A
Mexico,05/06/2017,1,0.0,0,0.0,0.0,0,N/A
Mexico,05/09/2017,0,0.01,0,0.01,N/A,0,N/A
Mexico,05/10/2017,1,0.0,0,0.0,0.0,0,N/A
Mexico,05/14/2017,1,0.0,0,0.0,0.0,0,N/A
Mexico,05/15/2017,1,0.0,0,0.0,0.0,0,N/A
Mexico,05/18/2017,1,0.0,0,0.0,0.0,0,N/A
Mexico,05/22/2017,3,0.0,0,0.0,0.0,0,N/A
Mexico,05/24/2017,1,0.0,0,0.0,0.0,0,N/A
Mexico,05/25/2017,2,0.0,0,0.0,0.0,0,N/A
Mexico,05/26/2017,1,0.0,0,0.0,0.0,0,N/A
Mexico,05/27/2017,1,0.0,0,0.0,0.0,0,N/A
Mexico,05/29/2017,1,0.0,0,0.0,0.0,0,N/A
Mexico,06/05/2017,1,0,0,0,0.0,0,N/A
Mexico,06/06/2017,2,0,0,0,0.0,0,N/A
Mexico,06/07/2017,1,0.0,0,0.0,0.0,0,N/A
Mexico,06/15/2017,1,0.0,0,0.0,0.0,0,N/A
Mexico,06/16/2017,1,0.0,0,0.0,0.0,0,N/A
Mexico,06/19/2017,3,0.0,0,0.0,0.0,0,N/A
Mexico,06/24/2017,1,0.0,0,0.0,0.0,0,N/A
Mexico,06/26/2017,0,0.04,0,0.04,N/A,0,N/A
Mexico,06/30/2017,1,0.0,0,0.0,0.0,0,N/A
Mexico,07/04/2017,0,0.01,0,0.01,N/A,0,N/A
Mexico,07/05/2017,1,0.0,0,0.0,0.0,0,N/A
Mexico,07/08/2017,1,0.0,0,0.0,0.0,0,N/A
Mexico,07/09/2017,1,0.0,0,0.0,0.0,0,N/A
Mexico,07/16/2017,1,0.0,0,0.0,0.0,0,N/A
Mexico,07/17/2017,1,0.0,0,0.0,0.0,0,N/A
Mexico,07/19/2017,1,0.0,0,0.0,0.0,0,N/A
Mexico,07/26/2017,1,0.0,0,0.0,0.0,0,N/A
Mexico,07/29/2017,1,0.0,0,0.0,0.0,0,N/A
Mexico,08/01/2017,1,0.0,0,0.0,0.0,0,N/A
Mexico,08/08/2017,1,0.0,0,0.0,0.0,0,N/A
Mexico,08/11/2017,1,0.02,0,0.02,0.02,0,N/A
Mexico,08/13/2017,1,0.0,0,0.0,0.0,0,N/A
Mexico,08/19/2017,1,0.0,0,0.0,0.0,0,N/A
Mexico,08/21/2017,2,0.04,0,0.04,0.02,0,N/A
Mexico,08/31/2017,0,0.04,0,0.04,N/A,0,N/A
Mexico,09/08/2017,1,0.0,0,0.0,0.0,0,N/A
Mexico,09/12/2017,1,0.0,0,0.0,0.0,0,N/A
Mexico,09/22/2017,1,0.05,0,0.05,0.05,0,N/A
Mexico,10/01/2017,1,0.0,0,0.0,0.0,0,N/A
Mexico,10/15/2017,1,0.0,0,0.0,0.0,0,N/A
Mexico,10/22/2017,1,0.0,0,0.0,0.0,0,N/A
Mexico,11/03/2017,1,0.11,0,0.11,0.11,0,N/A
Mexico,11/12/2017,1,0.0,0,0.0,0.0,0,N/A
Mexico,11/14/2017,1,0.07,0,0.07,0.07,0,N/A
Mexico,11/18/2017,2,0.0,0,0.0,0.0,0,N/A
Mexico,11/29/2017,1,0.0,0,0.0,0.0,0,N/A
Mexico,12/07/2017,1,0.0,0,0.0,0.0,0,N/A
Mexico,12/19/2017,0,0.1,0,0.1,N/A,0,N/A
Mexico,12/22/2017,1,0.0,0,0.0,0.0,0,N/A
Mexico,12/28/2017,1,0.0,0,0.0,0.0,0,N/A
Mexico,01/03/2018,1,0.0,0,0.0,0.0,0,N/A
Mexico,01/14/2018,1,0.0,0,0.0,0.0,0,N/A
Mexico,01/26/2018,1,0.0,0,0.0,0.0,0,N/A
Mexico,01/31/2018,1,0.0,0,0.0,0.0,0,N/A
Mexico,02/14/2018,1,0.0,0,0.0,0.0,0,N/A
Mexico,02/25/2018,1,0,0,0,0.0,0,N/A
Mexico,03/02/2018,1,0.0,0,0.0,0.0,0,N/A
Mexico,03/11/2018,1,0.0,0,0.0,0.0,0,N/A
Mexico,03/15/2018,1,0.0,0,0.0,0.0,0,N/A
Mexico,04/06/2018,1,0.13,0,0.13,0.13,0,N/A
Mexico,04/14/2018,1,0.0,0,0.0,0.0,0,N/A
Israel,11/14/2015,1,0,0,0,0.0,0,N/A
Israel,06/07/2016,1,0.76,0,0.76,0.76,0,N/A
Israel,01/04/2017,1,0.0,0,0.0,0.0,0,N/A
Israel,01/24/2017,2,0.0,0,0.0,0.0,0,N/A
Israel,01/28/2017,1,0.0,0,0.0,0.0,0,N/A
Israel,01/31/2017,1,0,0,0,0.0,0,N/A
Israel,02/04/2017,1,0.0,0,0.0,0.0,0,N/A
Israel,02/05/2017,0,0.05,0,0.05,N/A,0,N/A
Israel,02/06/2017,1,0.0,0,0.0,0.0,0,N/A
Israel,02/19/2017,1,0.0,0,0.0,0.0,0,N/A
Israel,02/26/2017,1,0,0,0,0.0,0,N/A
Israel,02/27/2017,1,0,0,0,0.0,0,N/A
Israel,03/08/2017,1,0.0,0,0.0,0.0,0,N/A
Israel,04/20/2017,1,0.0,0,0.0,0.0,0,N/A
Israel,04/25/2017,1,0.0,0,0.0,0.0,0,N/A
Israel,04/28/2017,1,0.0,0,0.0,0.0,0,N/A
Israel,05/01/2017,1,0,0,0,0.0,0,N/A
Israel,05/09/2017,1,0.0,0,0.0,0.0,0,N/A
Israel,05/10/2017,1,0.0,0,0.0,0.0,0,N/A
Israel,05/11/2017,1,0.0,0,0.0,0.0,0,N/A
Israel,05/12/2017,2,0.0,0,0.0,0.0,0,N/A
Israel,05/20/2017,1,0.0,0,0.0,0.0,0,N/A
Israel,05/25/2017,1,0.0,0,0.0,0.0,0,N/A
Israel,05/27/2017,1,0.61,0,0.61,0.61,0,N/A
Israel,05/28/2017,1,0.0,0,0.0,0.0,0,N/A
Israel,05/29/2017,3,0.0,0,0.0,0.0,0,N/A
Israel,05/30/2017,1,0.0,0,0.0,0.0,0,N/A
Israel,05/31/2017,1,0.0,0,0.0,0.0,0,N/A
Israel,06/01/2017,0,0.1,0,0.1,N/A,0,N/A
Israel,06/14/2017,1,0.0,0,0.0,0.0,0,N/A
Israel,07/04/2017,1,0.0,0,0.0,0.0,0,N/A
Israel,07/08/2017,1,0.0,0,0.0,0.0,0,N/A
Israel,07/11/2017,2,0.0,0,0.0,0.0,0,N/A
Israel,08/12/2017,1,0.0,0,0.0,0.0,0,N/A
Israel,08/27/2017,1,0.0,0,0.0,0.0,0,N/A
Israel,11/16/2017,1,0.0,0,0.0,0.0,0,N/A
Israel,11/25/2017,1,0.0,0,0.0,0.0,0,N/A
Israel,12/05/2017,1,0.0,0,0.0,0.0,0,N/A
Israel,01/03/2018,3,0.0,0,0.0,0.0,0,N/A
Israel,01/18/2018,1,0.0,0,0.0,0.0,0,N/A
Israel,01/22/2018,1,0.0,0,0.0,0.0,0,N/A
Israel,01/29/2018,1,0.0,0,0.0,0.0,0,N/A
Israel,03/15/2018,1,0.0,0,0.0,0.0,0,N/A
Israel,04/03/2018,1,0,0,0,0.0,0,N/A
France,07/03/2015,1,0,0,0,0.0,0,N/A
France,06/28/2016,1,0,0,0,0.0,0,N/A
France,07/07/2016,1,0.58,0,0.58,0.58,0,N/A
France,07/09/2016,1,0.58,0,0.58,0.58,0,N/A
France,07/11/2016,1,0.58,0,0.58,0.58,0,N/A
France,07/17/2016,1,0,0,0,0.0,0,N/A
France,08/07/2016,1,0.58,0,0.58,0.58,0,N/A
France,12/03/2016,1,0,0,0,0.0,0,N/A
France,12/13/2016,1,0.0,0,0.0,0.0,0,N/A
France,12/30/2016,1,0.0,0,0.0,0.0,0,N/A
France,01/04/2017,1,0.0,0,0.0,0.0,0,N/A
France,01/15/2017,2,0.0,0,0.0,0.0,0,N/A
France,01/16/2017,1,0.0,0,0.0,0.0,0,N/A
France,01/23/2017,1,0.0,0,0.0,0.0,0,N/A
France,02/07/2017,1,0.0,0,0.0,0.0,0,N/A
France,02/23/2017,1,0.0,0,0.0,0.0,0,N/A
France,03/13/2017,1,0,0,0,0.0,0,N/A
France,03/16/2017,2,0.0,0,0.0,0.0,0,N/A
France,03/19/2017,1,0.0,0,0.0,0.0,0,N/A
France,03/27/2017,2,0.0,0,0.0,0.0,0,N/A
France,03/28/2017,1,0.0,0,0.0,0.0,0,N/A
France,03/29/2017,1,0.38,0,0.38,0.38,0,N/A
France,03/31/2017,2,0.0,0,0.0,0.0,0,N/A
France,04/04/2017,2,0.08,0,0.08,0.04,0,N/A
France,04/05/2017,1,0.28,0,0.28,0.28,0,N/A
France,04/07/2017,1,0.0,0,0.0,0.0,0,N/A
France,04/09/2017,1,0.0,0,0.0,0.0,0,N/A
France,04/10/2017,0,0.05,0,0.05,N/A,0,N/A
France,04/11/2017,1,0.0,0,0.0,0.0,0,N/A
France,04/12/2017,1,0.0,0,0.0,0.0,0,N/A
France,04/14/2017,3,0.0,0,0.0,0.0,0,N/A
France,04/15/2017,1,0.0,0,0.0,0.0,0,N/A
France,04/16/2017,2,0.0,0,0.0,0.0,0,N/A
France,04/18/2017,1,0.0,0,0.0,0.0,0,N/A
France,04/19/2017,1,0.0,0,0.0,0.0,0,N/A
France,04/21/2017,0,0.13,0,0.13,N/A,0,N/A
France,04/23/2017,1,0.0,0,0.0,0.0,0,N/A
France,04/24/2017,1,0.0,0,0.0,0.0,0,N/A
France,05/04/2017,1,0,0,0,0.0,0,N/A
France,05/07/2017,1,0.0,0,0.0,0.0,0,N/A
France,05/08/2017,1,0.0,0,0.0,0.0,0,N/A
France,05/12/2017,1,0.0,0,0.0,0.0,0,N/A
France,05/13/2017,1,0.0,0,0.0,0.0,0,N/A
France,05/14/2017,1,0.0,0,0.0,0.0,0,N/A
France,05/21/2017,1,0.0,0,0.0,0.0,0,N/A
France,05/26/2017,1,0.0,0,0.0,0.0,0,N/A
France,05/27/2017,1,0.1,0,0.1,0.1,0,N/A
France,05/28/2017,1,0.0,0,0.0,0.0,0,N/A
France,06/03/2017,1,0.0,0,0.0,0.0,0,N/A
France,06/05/2017,2,0,0,0,0.0,0,N/A
France,06/10/2017,2,0.0,0,0.0,0.0,0,N/A
France,06/11/2017,1,0.0,0,0.0,0.0,0,N/A
France,06/13/2017,1,0.0,0,0.0,0.0,0,N/A
France,06/14/2017,1,0.0,0,0.0,0.0,0,N/A
France,06/16/2017,1,0.0,0,0.0,0.0,0,N/A
France,06/18/2017,1,0.0,0,0.0,0.0,0,N/A
France,06/20/2017,1,0.0,0,0.0,0.0,0,N/A
France,06/21/2017,2,0.0,0,0.0,0.0,0,N/A
France,06/27/2017,1,0.0,0,0.0,0.0,0,N/A
France,07/01/2017,1,0.0,0,0.0,0.0,0,N/A
France,07/05/2017,1,0.0,0,0.0,0.0,0,N/A
France,07/06/2017,1,0.06,0,0.06,0.06,0,N/A
France,07/07/2017,0,0.13,0,0.13,N/A,0,N/A
France,07/08/2017,2,0.0,0,0.0,0.0,0,N/A
France,07/13/2017,1,0.14,0,0.14,0.14,0,N/A
France,07/14/2017,2,0.0,0,0.0,0.0,0,N/A
France,07/15/2017,2,1.08,0,1.08,0.54,0,N/A
France,07/16/2017,2,0.0,0,0.0,0.0,0,N/A
France,07/17/2017,3,0.14,0,0.14,0.05,0,N/A
France,07/21/2017,1,0.0,0,0.0,0.0,0,N/A
France,08/01/2017,1,0.0,0,0.0,0.0,0,N/A
France,08/06/2017,2,0.0,0,0.0,0.0,0,N/A
France,08/08/2017,1,0.0,0,0.0,0.0,0,N/A
France,08/10/2017,3,0.0,0,0.0,0.0,0,N/A
France,08/28/2017,1,0.0,0,0.0,0.0,0,N/A
France,09/06/2017,3,0.0,0,0.0,0.0,0,N/A
France,09/12/2017,1,0.0,0,0.0,0.0,0,N/A
France,09/16/2017,1,0.0,0,0.0,0.0,0,N/A
France,10/13/2017,1,0.02,0,0.02,0.02,0,N/A
France,10/15/2017,1,0.31,0,0.31,0.31,0,N/A
France,10/19/2017,1,0.0,0,0.0,0.0,0,N/A
France,11/14/2017,1,0,0,0,0.0,0,N/A
France,11/26/2017,1,0.0,0,0.0,0.0,0,N/A
France,12/26/2017,1,0.0,0,0.0,0.0,0,N/A
France,01/11/2018,1,0.0,0,0.0,0.0,0,N/A
France,02/09/2018,1,0.0,0,0.0,0.0,0,N/A
France,02/10/2018,1,0.0,0,0.0,0.0,0,N/A
France,02/18/2018,1,0.0,0,0.0,0.0,0,N/A
France,02/19/2018,0,0.04,0,0.04,N/A,0,N/A
France,03/04/2018,1,0.0,0,0.0,0.0,0,N/A
France,03/09/2018,0,0.03,0,0.03,N/A,0,N/A
France,03/17/2018,1,0.0,0,0.0,0.0,0,N/A
France,04/08/2018,1,0.08,0,0.08,0.08,0,N/A
France,04/10/2018,0,0.14,0,0.14,N/A,0,N/A
France,04/13/2018,0,0.14,0,0.14,N/A,0,N/A
France,04/14/2018,0,0.18,0,0.18,N/A,0,N/A
France,04/15/2018,1,0.15,0,0.15,0.15,0,N/A
France,04/16/2018,2,0.0,0,0.0,0.0,0,N/A
France,04/18/2018,1,0.0,0,0.0,0.0,0,N/A
Finland,11/22/2014,1,0.69,0,0.69,0.69,0,N/A
Finland,12/10/2014,1,1.02,0,1.02,1.02,0,N/A
Finland,01/04/2015,2,0.99,0,0.99,0.5,0,N/A
Finland,01/17/2015,0,0.56,0,0.56,N/A,0,N/A
Finland,04/18/2015,1,0.56,0,0.56,0.56,0,N/A
Finland,04/22/2015,2,1.98,0,1.98,0.99,0,N/A
Finland,05/23/2015,1,0.99,0,0.99,0.99,0,N/A
Finland,05/30/2015,8,6.63,0,6.63,0.83,0,N/A
Finland,05/31/2015,8,8.05,0,8.05,1.01,0,N/A
Finland,06/01/2015,2,1.98,0,1.98,0.99,0,N/A
Finland,06/02/2015,1,0.56,0,0.56,0.56,0,N/A
Finland,06/03/2015,1,0,0,0,0.0,0,N/A
Finland,06/04/2015,2,1.98,0,1.98,0.99,0,N/A
Finland,06/05/2015,2,1.55,0,1.55,0.77,0,N/A
Finland,06/08/2015,1,0.99,0,0.99,0.99,0,N/A
Finland,06/14/2015,1,0.99,0,0.99,0.99,0,N/A
Finland,06/22/2015,1,0.56,0,0.56,0.56,0,N/A
Finland,06/23/2015,1,0.56,0,0.56,0.56,0,N/A
Finland,06/27/2015,1,0.56,0,0.56,0.56,0,N/A
Finland,07/19/2015,2,1.12,0,1.12,0.56,0,N/A
Finland,09/10/2015,1,0.56,0,0.56,0.56,0,N/A
Finland,11/23/2015,1,0.9,0,0.9,0.9,0,N/A
Finland,01/06/2016,1,0.56,0,0.56,0.56,0,N/A
Finland,02/05/2016,1,0.56,0,0.56,0.56,0,N/A
Finland,02/22/2016,1,0.56,0,0.56,0.56,0,N/A
Finland,02/28/2016,1,0.56,0,0.56,0.56,0,N/A
Finland,03/22/2016,1,0.56,0,0.56,0.56,0,N/A
Finland,03/29/2016,1,0.56,0,0.56,0.56,0,N/A
Finland,04/06/2016,1,0.56,0,0.56,0.56,0,N/A
Finland,05/01/2016,1,0.56,0,0.56,0.56,0,N/A
Finland,05/02/2016,1,0.56,0,0.56,0.56,0,N/A
Finland,05/08/2016,1,0.56,0,0.56,0.56,0,N/A
Finland,05/09/2016,1,0.56,0,0.56,0.56,0,N/A
Finland,05/19/2016,1,0.56,0,0.56,0.56,0,N/A
Finland,05/20/2016,1,0,0,0,0.0,0,N/A
Finland,05/23/2016,1,0.56,0,0.56,0.56,0,N/A
Finland,05/24/2016,1,0.56,0,0.56,0.56,0,N/A
Finland,05/26/2016,2,1.12,0,1.12,0.56,0,N/A
Finland,05/30/2016,1,0.56,0,0.56,0.56,0,N/A
Finland,06/03/2016,1,0.56,0,0.56,0.56,0,N/A
Finland,06/11/2016,2,1.12,0,1.12,0.56,0,N/A
Finland,06/12/2016,1,0.56,0,0.56,0.56,0,N/A
Finland,06/19/2016,1,0.56,0,0.56,0.56,0,N/A
Finland,06/21/2016,2,1.12,0,1.12,0.56,0,N/A
Finland,06/22/2016,1,0.56,0,0.56,0.56,0,N/A
Finland,06/23/2016,1,0.56,0,0.56,0.56,0,N/A
Finland,06/25/2016,1,0.56,0,0.56,0.56,0,N/A
Finland,06/26/2016,2,1.12,0,1.12,0.56,0,N/A
Finland,06/28/2016,2,1.12,0,1.12,0.56,0,N/A
Finland,07/02/2016,2,1.12,0,1.12,0.56,0,N/A
Finland,07/11/2016,1,0.56,0,0.56,0.56,0,N/A
Finland,07/13/2016,1,0.56,0,0.56,0.56,0,N/A
Finland,07/20/2016,1,0.56,0,0.56,0.56,0,N/A
Finland,07/25/2016,1,0.56,0,0.56,0.56,0,N/A
Finland,07/27/2016,1,0.56,0,0.56,0.56,0,N/A
Finland,07/28/2016,1,0.56,0,0.56,0.56,0,N/A
Finland,08/01/2016,1,0.56,0,0.56,0.56,0,N/A
Finland,09/25/2016,1,0.56,0,0.56,0.56,0,N/A
Finland,11/12/2016,1,0,0,0,0.0,0,N/A
Finland,11/13/2016,2,0,0,0,0.0,0,N/A
Finland,11/14/2016,1,0,0,0,0.0,0,N/A
Finland,11/20/2016,1,0,0,0,0.0,0,N/A
Finland,11/25/2016,2,0,0,0,0.0,0,N/A
Finland,12/04/2016,1,0,0,0,0.0,0,N/A
Finland,12/06/2016,3,0.0,0,0.0,0.0,0,N/A
Finland,12/10/2016,1,0,0,0,0.0,0,N/A
Finland,12/20/2016,1,0.22,0,0.22,0.22,0,N/A
Finland,12/21/2016,1,0,0,0,0.0,0,N/A
Finland,12/28/2016,1,0,0,0,0.0,0,N/A
Finland,12/29/2016,1,0.0,0,0.0,0.0,0,N/A
Finland,01/06/2017,2,0,0,0,0.0,0,N/A
Finland,01/22/2017,1,0.0,0,0.0,0.0,0,N/A
Finland,01/23/2017,1,0.0,0,0.0,0.0,0,N/A
Finland,02/02/2017,2,0.0,0,0.0,0.0,0,N/A
Finland,02/03/2017,0,0.16,0,0.16,N/A,0,N/A
Finland,02/05/2017,1,0,0,0,0.0,0,N/A
Finland,02/08/2017,2,0.0,0,0.0,0.0,0,N/A
Finland,02/15/2017,0,0.08,0,0.08,N/A,0,N/A
Finland,02/17/2017,1,0.0,0,0.0,0.0,0,N/A
Finland,02/21/2017,4,0.23,0,0.23,0.06,0,N/A
Finland,02/24/2017,1,0.0,0,0.0,0.0,0,N/A
Finland,03/05/2017,1,0.03,0,0.03,0.03,0,N/A
Finland,03/07/2017,1,0.0,0,0.0,0.0,0,N/A
Finland,03/08/2017,1,0.0,0,0.0,0.0,0,N/A
Finland,03/09/2017,1,0.0,0,0.0,0.0,0,N/A
Finland,03/11/2017,3,0.12,0,0.12,0.04,0,N/A
Finland,03/13/2017,1,0.04,0,0.04,0.04,0,N/A
Finland,03/18/2017,1,0.0,0,0.0,0.0,0,N/A
Finland,03/19/2017,1,0.0,0,0.0,0.0,0,N/A
Finland,03/23/2017,2,0.0,0,0.0,0.0,0,N/A
Finland,03/25/2017,2,0.0,0,0.0,0.0,0,N/A
Finland,03/26/2017,1,0.56,0,0.56,0.56,0,N/A
Finland,03/28/2017,1,0.0,0,0.0,0.0,0,N/A
Finland,03/29/2017,1,0.03,0,0.03,0.03,0,N/A
Finland,04/01/2017,0,0.04,0,0.04,N/A,0,N/A
Finland,04/03/2017,0,0.03,0,0.03,N/A,0,N/A
Finland,04/04/2017,1,0.0,0,0.0,0.0,0,N/A
Finland,04/06/2017,0,0.16,0,0.16,N/A,0,N/A
Finland,04/09/2017,1,0.56,0,0.56,0.56,0,N/A
Finland,04/19/2017,2,0.04,0,0.04,0.02,0,N/A
Finland,04/22/2017,3,0.2,0,0.2,0.07,0,N/A
Finland,04/23/2017,2,0.22,0,0.22,0.11,0,N/A
Finland,04/26/2017,0,0.06,0,0.06,N/A,0,N/A
Finland,04/27/2017,1,0.56,0,0.56,0.56,0,N/A
Finland,04/28/2017,1,0.52,0,0.52,0.52,0,N/A
Finland,04/29/2017,1,0.0,0,0.0,0.0,0,N/A
Finland,05/02/2017,4,0.0,0,0.0,0.0,0,N/A
Finland,05/03/2017,0,0.04,0,0.04,N/A,0,N/A
Finland,05/04/2017,1,0.0,0,0.0,0.0,0,N/A
Finland,05/05/2017,0,0.01,0,0.01,N/A,0,N/A
Finland,05/06/2017,0,0.04,0,0.04,N/A,0,N/A
Finland,05/10/2017,0,0.15,0,0.15,N/A,0,N/A
Finland,05/14/2017,3,0.0,0,0.0,0.0,0,N/A
Finland,05/15/2017,0,0.08,0,0.08,N/A,0,N/A
Finland,05/16/2017,1,0.0,0,0.0,0.0,0,N/A
Finland,05/17/2017,1,0.0,0,0.0,0.0,0,N/A
Finland,05/18/2017,2,0.0,0,0.0,0.0,0,N/A
Finland,05/19/2017,1,0.0,0,0.0,0.0,0,N/A
Finland,05/20/2017,1,0.02,0,0.02,0.02,0,N/A
Finland,05/21/2017,0,0.02,0,0.02,N/A,0,N/A
Finland,05/22/2017,0,0.04,0,0.04,N/A,0,N/A
Finland,05/23/2017,1,0.0,0,0.0,0.0,0,N/A
Finland,05/24/2017,1,0.01,0,0.01,0.01,0,N/A
Finland,05/26/2017,2,0.07,0,0.07,0.04,0,N/A
Finland,05/29/2017,0,0.07,0,0.07,N/A,0,N/A
Finland,05/30/2017,1,0.0,0,0.0,0.0,0,N/A
Finland,06/01/2017,1,0.0,0,0.0,0.0,0,N/A
Finland,06/02/2017,1,0.16,0,0.16,0.16,0,N/A
Finland,06/06/2017,1,0,0,0,0.0,0,N/A
Finland,06/08/2017,0,0.04,0,0.04,N/A,0,N/A
Finland,06/10/2017,0,0.04,0,0.04,N/A,0,N/A
Finland,06/11/2017,0,0.01,0,0.01,N/A,0,N/A
Finland,06/14/2017,2,0.18,0,0.18,0.09,0,N/A
Finland,06/15/2017,1,0.0,0,0.0,0.0,0,N/A
Finland,06/16/2017,1,0.0,0,0.0,0.0,0,N/A
Finland,06/17/2017,2,0.0,0,0.0,0.0,0,N/A
Finland,06/18/2017,2,0.56,0,0.56,0.28,0,N/A
Finland,06/19/2017,1,0.0,0,0.0,0.0,0,N/A
Finland,06/21/2017,0,0.15,0,0.15,N/A,0,N/A
Finland,06/23/2017,0,0.05,0,0.05,N/A,0,N/A
Finland,06/25/2017,1,0.0,0,0.0,0.0,0,N/A
Finland,06/26/2017,1,0.01,0,0.01,0.01,0,N/A
Finland,06/28/2017,0,0.11,0,0.11,N/A,0,N/A
Finland,06/29/2017,1,0.83,0,0.83,0.83,0,N/A
Finland,07/01/2017,0,0.15,0,0.15,N/A,0,N/A
Finland,07/03/2017,1,0.0,0,0.0,0.0,0,N/A
Finland,07/06/2017,1,0.0,0,0.0,0.0,0,N/A
Finland,07/07/2017,1,0.0,0,0.0,0.0,0,N/A
Finland,07/08/2017,1,0.0,0,0.0,0.0,0,N/A
Finland,07/09/2017,2,0.14,0,0.14,0.07,0,N/A
Finland,07/10/2017,1,0.0,0,0.0,0.0,0,N/A
Finland,07/12/2017,3,1.34,0,1.34,0.45,0,N/A
Finland,07/14/2017,1,0.0,0,0.0,0.0,0,N/A
Finland,07/15/2017,1,0.63,0,0.63,0.63,0,N/A
Finland,07/16/2017,4,0.69,0,0.69,0.17,0,N/A
Finland,07/18/2017,2,0.0,0,0.0,0.0,0,N/A
Finland,07/20/2017,1,0.0,0,0.0,0.0,0,N/A
Finland,07/21/2017,1,0.0,0,0.0,0.0,0,N/A
Finland,07/22/2017,2,0.0,0,0.0,0.0,0,N/A
Finland,07/24/2017,1,0.0,0,0.0,0.0,0,N/A
Finland,07/26/2017,3,0.14,0,0.14,0.05,0,N/A
Finland,07/27/2017,2,0.0,0,0.0,0.0,0,N/A
Finland,07/28/2017,1,0.12,0,0.12,0.12,0,N/A
Finland,07/31/2017,1,0.0,0,0.0,0.0,0,N/A
Finland,08/01/2017,1,0.0,0,0.0,0.0,0,N/A
Finland,08/02/2017,3,0.0,0,0.0,0.0,0,N/A
Finland,08/03/2017,1,0.05,0,0.05,0.05,0,N/A
Finland,08/04/2017,1,0.0,0,0.0,0.0,0,N/A
Finland,08/06/2017,1,0.0,0,0.0,0.0,0,N/A
Finland,08/09/2017,0,0.03,0,0.03,N/A,0,N/A
Finland,08/11/2017,1,0.01,0,0.01,0.01,0,N/A
Finland,08/13/2017,1,0.03,0,0.03,0.03,0,N/A
Finland,08/15/2017,3,0.0,0,0.0,0.0,0,N/A
Finland,08/21/2017,1,0.0,0,0.0,0.0,0,N/A
Finland,08/22/2017,1,0.0,0,0.0,0.0,0,N/A
Finland,08/27/2017,1,0.0,0,0.0,0.0,0,N/A
Finland,08/29/2017,1,0.0,0,0.0,0.0,0,N/A
Finland,09/02/2017,1,0.0,0,0.0,0.0,0,N/A
Finland,09/09/2017,1,0.0,0,0.0,0.0,0,N/A
Finland,09/19/2017,1,0,0,0,0.0,0,N/A
Finland,09/27/2017,0,0.04,0,0.04,N/A,0,N/A
Finland,09/28/2017,1,0.0,0,0.0,0.0,0,N/A
Finland,10/03/2017,0,0.03,0,0.03,N/A,0,N/A
Finland,10/04/2017,1,0.0,0,0.0,0.0,0,N/A
Finland,10/06/2017,0,0.22,0,0.22,N/A,0,N/A
Finland,11/04/2017,0,0.11,0,0.11,N/A,0,N/A
Finland,11/06/2017,0,0.19,0,0.19,N/A,0,N/A
Finland,11/26/2017,1,0.62,0,0.62,0.62,0,N/A
Finland,12/02/2017,1,0.62,0,0.62,0.62,0,N/A
Finland,12/03/2017,1,0.0,0,0.0,0.0,0,N/A
Finland,12/06/2017,1,0.0,0,0.0,0.0,0,N/A
Finland,12/30/2017,1,0.0,0,0.0,0.0,0,N/A
Finland,12/31/2017,1,0.0,0,0.0,0.0,0,N/A
Finland,01/10/2018,2,0.0,0,0.0,0.0,0,N/A
Finland,01/14/2018,1,0.0,0,0.0,0.0,0,N/A
Finland,01/16/2018,1,0,0,0,0.0,0,N/A
Finland,01/24/2018,2,0.62,0,0.62,0.31,0,N/A
Finland,01/25/2018,1,0,0,0,0.0,0,N/A
Finland,01/26/2018,1,0.0,0,0.0,0.0,0,N/A
Finland,01/29/2018,1,0.62,0,0.62,0.62,0,N/A
Finland,01/30/2018,1,0.0,0,0.0,0.0,0,N/A
Finland,01/31/2018,1,0.0,0,0.0,0.0,0,N/A
Finland,02/03/2018,1,0.0,0,0.0,0.0,0,N/A
Finland,02/04/2018,1,0.0,0,0.0,0.0,0,N/A
Finland,02/09/2018,1,0.0,0,0.0,0.0,0,N/A
Finland,02/19/2018,1,0.0,0,0.0,0.0,0,N/A
Finland,02/22/2018,1,0.0,0,0.0,0.0,0,N/A
Finland,02/28/2018,2,0.09,0,0.09,0.04,0,N/A
Finland,03/02/2018,0,0.26,0,0.26,N/A,0,N/A
Finland,03/04/2018,1,0.0,0,0.0,0.0,0,N/A
Finland,03/10/2018,1,0.0,0,0.0,0.0,0,N/A
Finland,03/16/2018,1,0.0,0,0.0,0.0,0,N/A
Finland,03/24/2018,1,0.0,0,0.0,0.0,0,N/A
Finland,03/25/2018,1,0.0,0,0.0,0.0,0,N/A
Finland,03/29/2018,1,0.0,0,0.0,0.0,0,N/A
Finland,03/31/2018,2,0.0,0,0.0,0.0,0,N/A
Finland,04/09/2018,1,0.0,0,0.0,0.0,0,N/A
Finland,04/13/2018,1,0.19,0,0.19,0.19,0,N/A
Finland,04/14/2018,2,0.0,0,0.0,0.0,0,N/A
Finland,04/15/2018,1,0.0,0,0.0,0.0,0,N/A
Nicaragua,02/24/2017,1,0.0,0,0.0,0.0,0,N/A
Nicaragua,03/30/2017,1,0.0,0,0.0,0.0,0,N/A
Nicaragua,04/11/2017,1,0.0,0,0.0,0.0,0,N/A
Nicaragua,08/31/2017,1,0.0,0,0.0,0.0,0,N/A
Nicaragua,09/24/2017,1,0.0,0,0.0,0.0,0,N/A
Netherlands,04/19/2015,2,1.14,0,1.14,0.57,0,N/A
Netherlands,05/04/2015,1,0.57,0,0.57,0.57,0,N/A
Netherlands,05/11/2015,1,0,0,0,0.0,0,N/A
Netherlands,05/12/2015,0,0.57,0,0.57,N/A,0,N/A
Netherlands,07/07/2015,1,0.57,0,0.57,0.57,0,N/A
Netherlands,01/31/2016,1,0.57,0,0.57,0.57,0,N/A
Netherlands,03/17/2016,1,0.57,0,0.57,0.57,0,N/A
Netherlands,04/23/2016,1,0.57,0,0.57,0.57,0,N/A
Netherlands,06/03/2016,1,0.57,0,0.57,0.57,0,N/A
Netherlands,06/05/2016,1,0.57,0,0.57,0.57,0,N/A
Netherlands,06/18/2016,1,0.57,0,0.57,0.57,0,N/A
Netherlands,07/10/2016,1,0.57,0,0.57,0.57,0,N/A
Netherlands,08/24/2016,1,0.57,0,0.57,0.57,0,N/A
Netherlands,11/22/2016,1,0,0,0,0.0,0,N/A
Netherlands,12/04/2016,1,0.0,0,0.0,0.0,0,N/A
Netherlands,12/10/2016,1,0,0,0,0.0,0,N/A
Netherlands,12/11/2016,0,0.13,0,0.13,N/A,0,N/A
Netherlands,12/19/2016,1,0.0,0,0.0,0.0,0,N/A
Netherlands,01/12/2017,1,0,0,0,0.0,0,N/A
Netherlands,01/18/2017,1,0,0,0,0.0,0,N/A
Netherlands,02/01/2017,1,0.0,0,0.0,0.0,0,N/A
Netherlands,02/03/2017,1,0.0,0,0.0,0.0,0,N/A
Netherlands,02/05/2017,1,0.0,0,0.0,0.0,0,N/A
Netherlands,02/07/2017,1,0.0,0,0.0,0.0,0,N/A
Netherlands,02/10/2017,1,0.0,0,0.0,0.0,0,N/A
Netherlands,02/15/2017,0,0.09,0,0.09,N/A,0,N/A
Netherlands,02/24/2017,1,0.0,0,0.0,0.0,0,N/A
Netherlands,02/26/2017,1,0.0,0,0.0,0.0,0,N/A
Netherlands,02/28/2017,1,0.0,0,0.0,0.0,0,N/A
Netherlands,03/01/2017,1,0.0,0,0.0,0.0,0,N/A
Netherlands,03/12/2017,1,0.0,0,0.0,0.0,0,N/A
Netherlands,03/13/2017,1,0.0,0,0.0,0.0,0,N/A
Netherlands,03/14/2017,0,0.07,0,0.07,N/A,0,N/A
Netherlands,03/16/2017,1,0.0,0,0.0,0.0,0,N/A
Netherlands,03/22/2017,2,0.0,0,0.0,0.0,0,N/A
Netherlands,03/23/2017,1,0.03,0,0.03,0.03,0,N/A
Netherlands,03/24/2017,3,0.03,0,0.03,0.01,0,N/A
Netherlands,03/25/2017,1,0.0,0,0.0,0.0,0,N/A
Netherlands,03/26/2017,1,0.0,0,0.0,0.0,0,N/A
Netherlands,03/30/2017,1,0.0,0,0.0,0.0,0,N/A
Netherlands,04/05/2017,1,0.0,0,0.0,0.0,0,N/A
Netherlands,04/07/2017,2,0.09,0,0.09,0.05,0,N/A
Netherlands,04/09/2017,3,0.0,0,0.0,0.0,0,N/A
Netherlands,04/12/2017,1,0.0,0,0.0,0.0,0,N/A
Netherlands,04/16/2017,1,0.0,0,0.0,0.0,0,N/A
Netherlands,04/23/2017,1,0.0,0,0.0,0.0,0,N/A
Netherlands,04/24/2017,1,0.02,0,0.02,0.02,0,N/A
Netherlands,04/28/2017,1,0.0,0,0.0,0.0,0,N/A
Netherlands,05/06/2017,2,0.03,0,0.03,0.01,0,N/A
Netherlands,05/09/2017,1,0.0,0,0.0,0.0,0,N/A
Netherlands,05/10/2017,1,0.0,0,0.0,0.0,0,N/A
Netherlands,05/11/2017,1,0.03,0,0.03,0.03,0,N/A
Netherlands,05/13/2017,1,0.0,0,0.0,0.0,0,N/A
Netherlands,05/15/2017,2,0.2,0,0.2,0.1,0,N/A
Netherlands,05/17/2017,2,0.0,0,0.0,0.0,0,N/A
Netherlands,05/18/2017,1,0.0,0,0.0,0.0,0,N/A
Netherlands,05/19/2017,1,0.0,0,0.0,0.0,0,N/A
Netherlands,05/20/2017,2,0.0,0,0.0,0.0,0,N/A
Netherlands,05/21/2017,1,0.0,0,0.0,0.0,0,N/A
Netherlands,05/22/2017,1,0.0,0,0.0,0.0,0,N/A
Netherlands,05/23/2017,1,0.0,0,0.0,0.0,0,N/A
Netherlands,05/24/2017,3,0.0,0,0.0,0.0,0,N/A
Netherlands,05/25/2017,2,0.09,0,0.09,0.05,0,N/A
Netherlands,05/26/2017,6,0.57,0,0.57,0.09,0,N/A
Netherlands,05/27/2017,3,0.0,0,0.0,0.0,0,N/A
Netherlands,05/28/2017,2,0.05,0,0.05,0.02,0,N/A
Netherlands,05/29/2017,3,0.15,0,0.15,0.05,0,N/A
Netherlands,06/02/2017,1,0.0,0,0.0,0.0,0,N/A
Netherlands,06/05/2017,1,0,0,0,0.0,0,N/A
Netherlands,06/10/2017,1,0.0,0,0.0,0.0,0,N/A
Netherlands,06/11/2017,1,0.0,0,0.0,0.0,0,N/A
Netherlands,06/12/2017,2,0.0,0,0.0,0.0,0,N/A
Netherlands,06/13/2017,2,0.0,0,0.0,0.0,0,N/A
Netherlands,06/14/2017,2,0.0,0,0.0,0.0,0,N/A
Netherlands,06/17/2017,2,0.15,0,0.15,0.08,0,N/A
Netherlands,06/18/2017,2,0.0,0,0.0,0.0,0,N/A
Netherlands,06/19/2017,2,0.0,0,0.0,0.0,0,N/A
Netherlands,06/20/2017,3,0.0,0,0.0,0.0,0,N/A
Netherlands,06/21/2017,1,0.0,0,0.0,0.0,0,N/A
Netherlands,06/22/2017,1,0.0,0,0.0,0.0,0,N/A
Netherlands,06/23/2017,0,0.03,0,0.03,N/A,0,N/A
Netherlands,06/24/2017,1,0.0,0,0.0,0.0,0,N/A
Netherlands,07/01/2017,1,0.0,0,0.0,0.0,0,N/A
Netherlands,07/03/2017,2,0.0,0,0.0,0.0,0,N/A
Netherlands,07/10/2017,1,0.0,0,0.0,0.0,0,N/A
Netherlands,07/11/2017,1,0.0,0,0.0,0.0,0,N/A
Netherlands,07/13/2017,0,0.01,0,0.01,N/A,0,N/A
Netherlands,07/17/2017,2,0.0,0,0.0,0.0,0,N/A
Netherlands,07/18/2017,0,0.01,0,0.01,N/A,0,N/A
Netherlands,07/19/2017,0,0.02,0,0.02,N/A,0,N/A
Netherlands,07/22/2017,2,0.0,0,0.0,0.0,0,N/A
Netherlands,07/24/2017,1,0.0,0,0.0,0.0,0,N/A
Netherlands,07/25/2017,0,0.05,0,0.05,N/A,0,N/A
Netherlands,07/27/2017,0,0.18,0,0.18,N/A,0,N/A
Netherlands,07/30/2017,0,0.01,0,0.01,N/A,0,N/A
Netherlands,08/01/2017,1,0.0,0,0.0,0.0,0,N/A
Netherlands,08/05/2017,0,0.01,0,0.01,N/A,0,N/A
Netherlands,08/08/2017,1,0.0,0,0.0,0.0,0,N/A
Netherlands,08/11/2017,1,0.0,0,0.0,0.0,0,N/A
Netherlands,08/24/2017,1,0.0,0,0.0,0.0,0,N/A
Netherlands,09/06/2017,1,0.63,0,0.63,0.63,0,N/A
Netherlands,09/19/2017,1,0.0,0,0.0,0.0,0,N/A
Netherlands,10/06/2017,1,0.0,0,0.0,0.0,0,N/A
Netherlands,10/10/2017,0,0.61,0,0.61,N/A,0,N/A
Netherlands,11/17/2017,1,0.0,0,0.0,0.0,0,N/A
Netherlands,11/21/2017,1,0,0,0,0.0,0,N/A
Netherlands,11/27/2017,1,0.0,0,0.0,0.0,0,N/A
Netherlands,12/17/2017,1,0,0,0,0.0,0,N/A
Netherlands,01/06/2018,1,0.0,0,0.0,0.0,0,N/A
Netherlands,01/08/2018,1,0.0,0,0.0,0.0,0,N/A
Netherlands,01/13/2018,1,0.0,0,0.0,0.0,0,N/A
Netherlands,01/21/2018,1,0.0,0,0.0,0.0,0,N/A
Netherlands,02/25/2018,1,0,0,0,0.0,0,N/A
Netherlands,03/07/2018,1,0.0,0,0.0,0.0,0,N/A
Netherlands,03/08/2018,1,0,0,0,0.0,0,N/A
Netherlands,03/09/2018,0,0.16,0,0.16,N/A,0,N/A
Netherlands,03/24/2018,1,0.0,0,0.0,0.0,0,N/A
Netherlands,03/26/2018,1,0.0,0,0.0,0.0,0,N/A
Netherlands,04/03/2018,1,0.0,0,0.0,0.0,0,N/A
Netherlands,04/08/2018,3,0.0,0,0.0,0.0,0,N/A
Netherlands,04/09/2018,1,0.17,0,0.17,0.17,0,N/A
Netherlands,04/10/2018,1,0.0,0,0.0,0.0,0,N/A
Netherlands,04/11/2018,0,0.07,0,0.07,N/A,0,N/A
Netherlands,04/17/2018,1,0.66,0,0.66,0.66,0,N/A
Netherlands,04/18/2018,0,0.3,0,0.3,N/A,0,N/A
Norway,07/23/2016,1,0.47,0,0.47,0.47,0,N/A
Norway,07/27/2016,1,0.48,0,0.48,0.48,0,N/A
Norway,11/19/2016,1,0,0,0,0.0,0,N/A
Norway,11/30/2016,1,0,0,0,0.0,0,N/A
Norway,01/17/2017,1,0.0,0,0.0,0.0,0,N/A
Norway,02/06/2017,1,0.0,0,0.0,0.0,0,N/A
Norway,02/20/2017,3,0.15,0,0.15,0.05,0,N/A
Norway,02/25/2017,1,0,0,0,0.0,0,N/A
Norway,03/11/2017,1,0,0,0,0.0,0,N/A
Norway,03/22/2017,1,0.49,0,0.49,0.49,0,N/A
Norway,04/06/2017,1,0.0,0,0.0,0.0,0,N/A
Norway,04/10/2017,0,0.09,0,0.09,N/A,0,N/A
Norway,04/11/2017,2,0.0,0,0.0,0.0,0,N/A
Norway,04/23/2017,1,0.0,0,0.0,0.0,0,N/A
Norway,05/17/2017,0,0.11,0,0.11,N/A,0,N/A
Norway,06/02/2017,1,0.0,0,0.0,0.0,0,N/A
Norway,06/23/2017,1,0.0,0,0.0,0.0,0,N/A
Norway,07/03/2017,1,0.0,0,0.0,0.0,0,N/A
Norway,07/14/2017,1,0.0,0,0.0,0.0,0,N/A
Norway,07/15/2017,1,0,0,0,0.0,0,N/A
Norway,07/20/2017,1,0.0,0,0.0,0.0,0,N/A
Norway,07/21/2017,1,0.64,0,0.64,0.64,0,N/A
Norway,07/22/2017,1,0.0,0,0.0,0.0,0,N/A
Norway,07/23/2017,1,0.0,0,0.0,0.0,0,N/A
Norway,09/17/2017,1,0.0,0,0.0,0.0,0,N/A
Norway,11/18/2017,1,0.0,0,0.0,0.0,0,N/A
Norway,02/06/2018,1,0,0,0,0.0,0,N/A
Norway,02/20/2018,1,0,0,0,0.0,0,N/A
Norway,02/23/2018,1,0.0,0,0.0,0.0,0,N/A
Norway,03/06/2018,0,0.11,0,0.11,N/A,0,N/A
Norway,03/19/2018,1,0.0,0,0.0,0.0,0,N/A
Norway,04/06/2018,1,0.0,0,0.0,0.0,0,N/A
Norway,04/12/2018,1,0.2,0,0.2,0.2,0,N/A
Namibia,02/21/2017,1,0,0,0,0.0,0,N/A
New Caledonia,11/20/2017,0,0.14,0,0.14,N/A,0,N/A
Nigeria,03/29/2017,1,0.0,0,0.0,0.0,0,N/A
Nigeria,07/06/2017,1,0.01,0,0.01,0.01,0,N/A
Nigeria,12/28/2017,1,0.0,0,0.0,0.0,0,N/A
Nigeria,01/04/2018,1,0,0,0,0.0,0,N/A
Nigeria,04/12/2018,1,0.0,0,0.0,0.0,0,N/A
New Zealand,10/29/2015,1,0.67,0,0.67,0.67,0,N/A
New Zealand,11/22/2015,1,0,0,0,0.0,0,N/A
New Zealand,02/24/2016,1,0.62,0,0.62,0.62,0,N/A
New Zealand,04/24/2016,1,0.63,0,0.63,0.63,0,N/A
New Zealand,06/26/2016,1,0,0,0,0.0,0,N/A
New Zealand,06/27/2016,0,0.71,0,0.71,N/A,0,N/A
New Zealand,11/19/2016,1,0,0,0,0.0,0,N/A
New Zealand,11/20/2016,1,0,0,0,0.0,0,N/A
New Zealand,11/28/2016,1,0,0,0,0.0,0,N/A
New Zealand,11/29/2016,1,0,0,0,0.0,0,N/A
New Zealand,12/23/2016,1,0,0,0,0.0,0,N/A
New Zealand,01/04/2017,1,0.0,0,0.0,0.0,0,N/A
New Zealand,01/05/2017,1,0.0,0,0.0,0.0,0,N/A
New Zealand,01/10/2017,1,0.0,0,0.0,0.0,0,N/A
New Zealand,01/12/2017,1,0.0,0,0.0,0.0,0,N/A
New Zealand,01/16/2017,2,0.0,0,0.0,0.0,0,N/A
New Zealand,01/27/2017,1,0.0,0,0.0,0.0,0,N/A
New Zealand,01/28/2017,1,0.0,0,0.0,0.0,0,N/A
New Zealand,02/01/2017,1,0,0,0,0.0,0,N/A
New Zealand,02/02/2017,1,0,0,0,0.0,0,N/A
New Zealand,02/03/2017,1,0.0,0,0.0,0.0,0,N/A
New Zealand,02/12/2017,1,0,0,0,0.0,0,N/A
New Zealand,02/18/2017,1,0.0,0,0.0,0.0,0,N/A
New Zealand,03/12/2017,1,0.41,0,0.41,0.41,0,N/A
New Zealand,03/17/2017,1,0.0,0,0.0,0.0,0,N/A
New Zealand,04/25/2017,1,0.0,0,0.0,0.0,0,N/A
New Zealand,05/22/2017,1,0.0,0,0.0,0.0,0,N/A
New Zealand,06/14/2017,1,0.0,0,0.0,0.0,0,N/A
New Zealand,06/27/2017,0,0.02,0,0.02,N/A,0,N/A
New Zealand,07/11/2017,1,0.0,0,0.0,0.0,0,N/A
New Zealand,08/02/2017,1,0.0,0,0.0,0.0,0,N/A
New Zealand,08/06/2017,1,0.0,0,0.0,0.0,0,N/A
New Zealand,09/13/2017,0,0.01,0,0.01,N/A,0,N/A
New Zealand,10/05/2017,1,0.0,0,0.0,0.0,0,N/A
New Zealand,10/08/2017,1,0.0,0,0.0,0.0,0,N/A
New Zealand,10/13/2017,0,0.65,0,0.65,N/A,0,N/A
New Zealand,11/17/2017,1,0.0,0,0.0,0.0,0,N/A
New Zealand,11/18/2017,1,0,0,0,0.0,0,N/A
New Zealand,11/20/2017,1,0.0,0,0.0,0.0,0,N/A
New Zealand,11/26/2017,2,0.03,0,0.03,0.01,0,N/A
New Zealand,12/01/2017,1,0.0,0,0.0,0.0,0,N/A
New Zealand,12/02/2017,1,0.0,0,0.0,0.0,0,N/A
New Zealand,12/14/2017,0,0.09,0,0.09,N/A,0,N/A
New Zealand,12/19/2017,1,0.0,0,0.0,0.0,0,N/A
New Zealand,12/21/2017,0,0.02,0,0.02,N/A,0,N/A
New Zealand,01/05/2018,1,0,0,0,0.0,0,N/A
New Zealand,01/07/2018,1,0.0,0,0.0,0.0,0,N/A
New Zealand,02/07/2018,1,0.0,0,0.0,0.0,0,N/A
New Zealand,02/16/2018,1,0.0,0,0.0,0.0,0,N/A
New Zealand,02/23/2018,1,0.0,0,0.0,0.0,0,N/A
New Zealand,02/26/2018,0,0.25,0,0.25,N/A,0,N/A
New Zealand,03/23/2018,1,0,0,0,0.0,0,N/A
Nepal,02/20/2017,1,0.0,0,0.0,0.0,0,N/A
Nepal,05/14/2017,1,0.0,0,0.0,0.0,0,N/A
Nepal,06/17/2017,0,0.01,0,0.01,N/A,0,N/A
Nepal,11/30/2017,1,0,0,0,0.0,0,N/A
Cote D'Ivoire (Ivory Coast),04/14/2017,1,0.0,0,0.0,0.0,0,N/A
Switzerland,05/10/2015,1,0.82,0,0.82,0.82,0,N/A
Switzerland,06/07/2015,1,0.82,0,0.82,0.82,0,N/A
Switzerland,03/17/2016,1,0.78,0,0.78,0.78,0,N/A
Switzerland,11/15/2016,1,0,0,0,0.0,0,N/A
Switzerland,01/04/2017,1,0.0,0,0.0,0.0,0,N/A
Switzerland,01/14/2017,1,0.0,0,0.0,0.0,0,N/A
Switzerland,02/01/2017,1,0,0,0,0.0,0,N/A
Switzerland,02/11/2017,1,0.0,0,0.0,0.0,0,N/A
Switzerland,03/04/2017,1,0.0,0,0.0,0.0,0,N/A
Switzerland,03/29/2017,1,0.0,0,0.0,0.0,0,N/A
Switzerland,04/23/2017,1,0,0,0,0.0,0,N/A
Switzerland,05/10/2017,0,0.1,0,0.1,N/A,0,N/A
Switzerland,05/18/2017,1,0.0,0,0.0,0.0,0,N/A
Switzerland,05/22/2017,1,0.0,0,0.0,0.0,0,N/A
Switzerland,05/28/2017,1,0.0,0,0.0,0.0,0,N/A
Switzerland,06/01/2017,0,0.41,0,0.41,N/A,0,N/A
Switzerland,06/11/2017,1,0.46,0,0.46,0.46,0,N/A
Switzerland,06/15/2017,1,0.0,0,0.0,0.0,0,N/A
Switzerland,06/25/2017,0,0.07,0,0.07,N/A,0,N/A
Switzerland,07/05/2017,1,0.0,0,0.0,0.0,0,N/A
Switzerland,07/09/2017,0,0.18,0,0.18,N/A,0,N/A
Switzerland,07/10/2017,0,0.07,0,0.07,N/A,0,N/A
Switzerland,07/16/2017,1,0.0,0,0.0,0.0,0,N/A
Switzerland,07/21/2017,1,0.0,0,0.0,0.0,0,N/A
Switzerland,07/23/2017,1,0.0,0,0.0,0.0,0,N/A
Switzerland,09/22/2017,1,0.0,0,0.0,0.0,0,N/A
Switzerland,10/08/2017,1,0.57,0,0.57,0.57,0,N/A
Switzerland,01/03/2018,1,0.0,0,0.0,0.0,0,N/A
Switzerland,01/15/2018,1,0.0,0,0.0,0.0,0,N/A
Switzerland,02/03/2018,1,0.0,0,0.0,0.0,0,N/A
Switzerland,02/27/2018,1,0.14,0,0.14,0.14,0,N/A
Switzerland,03/03/2018,1,0.0,0,0.0,0.0,0,N/A
Switzerland,03/04/2018,1,0.0,0,0.0,0.0,0,N/A
Switzerland,04/02/2018,0,0.11,0,0.11,N/A,0,N/A
Colombia,12/03/2016,1,0.0,0,0.0,0.0,0,N/A
Colombia,12/04/2016,1,0.0,0,0.0,0.0,0,N/A
Colombia,12/06/2016,1,0,0,0,0.0,0,N/A
Colombia,12/24/2016,1,0.0,0,0.0,0.0,0,N/A
Colombia,01/08/2017,1,0.0,0,0.0,0.0,0,N/A
Colombia,01/19/2017,1,0.0,0,0.0,0.0,0,N/A
Colombia,01/21/2017,1,0.0,0,0.0,0.0,0,N/A
Colombia,01/23/2017,1,0.0,0,0.0,0.0,0,N/A
Colombia,02/03/2017,1,0,0,0,0.0,0,N/A
Colombia,02/09/2017,1,0.0,0,0.0,0.0,0,N/A
Colombia,02/10/2017,1,0.0,0,0.0,0.0,0,N/A
Colombia,02/11/2017,0,0.01,0,0.01,N/A,0,N/A
Colombia,02/14/2017,1,0.0,0,0.0,0.0,0,N/A
Colombia,02/15/2017,1,0.0,0,0.0,0.0,0,N/A
Colombia,02/16/2017,1,0.0,0,0.0,0.0,0,N/A
Colombia,02/17/2017,0,0.02,0,0.02,N/A,0,N/A
Colombia,02/18/2017,0,0.02,0,0.02,N/A,0,N/A
Colombia,02/21/2017,1,0.0,0,0.0,0.0,0,N/A
Colombia,02/25/2017,0,0.04,0,0.04,N/A,0,N/A
Colombia,02/28/2017,1,0.0,0,0.0,0.0,0,N/A
Colombia,03/19/2017,2,0.0,0,0.0,0.0,0,N/A
Colombia,03/31/2017,2,0.0,0,0.0,0.0,0,N/A
Colombia,04/07/2017,1,0.0,0,0.0,0.0,0,N/A
Colombia,04/18/2017,2,0.0,0,0.0,0.0,0,N/A
Colombia,04/25/2017,1,0.0,0,0.0,0.0,0,N/A
Colombia,05/17/2017,1,0.0,0,0.0,0.0,0,N/A
Colombia,05/18/2017,1,0.0,0,0.0,0.0,0,N/A
Colombia,05/23/2017,1,0.0,0,0.0,0.0,0,N/A
Colombia,06/09/2017,1,0.0,0,0.0,0.0,0,N/A
Colombia,06/21/2017,2,0.0,0,0.0,0.0,0,N/A
Colombia,06/23/2017,1,0,0,0,0.0,0,N/A
Colombia,06/24/2017,1,0.0,0,0.0,0.0,0,N/A
Colombia,07/04/2017,1,0.0,0,0.0,0.0,0,N/A
Colombia,07/06/2017,1,0.0,0,0.0,0.0,0,N/A
Colombia,07/11/2017,1,0.0,0,0.0,0.0,0,N/A
Colombia,07/14/2017,1,0.0,0,0.0,0.0,0,N/A
Colombia,07/15/2017,1,0.0,0,0.0,0.0,0,N/A
Colombia,07/22/2017,1,0,0,0,0.0,0,N/A
Colombia,07/23/2017,1,0.0,0,0.0,0.0,0,N/A
Colombia,07/27/2017,1,0.0,0,0.0,0.0,0,N/A
Colombia,08/15/2017,2,0.0,0,0.0,0.0,0,N/A
Colombia,08/21/2017,1,0.0,0,0.0,0.0,0,N/A
Colombia,09/17/2017,1,0.0,0,0.0,0.0,0,N/A
Colombia,09/22/2017,1,0,0,0,0.0,0,N/A
Colombia,10/24/2017,1,0.0,0,0.0,0.0,0,N/A
Colombia,10/27/2017,1,0.0,0,0.0,0.0,0,N/A
Colombia,12/29/2017,1,0.0,0,0.0,0.0,0,N/A
Colombia,01/13/2018,1,0.0,0,0.0,0.0,0,N/A
Colombia,02/02/2018,2,0.0,0,0.0,0.0,0,N/A
Colombia,02/14/2018,1,0.0,0,0.0,0.0,0,N/A
Colombia,03/03/2018,1,0.06,0,0.06,0.06,0,N/A
Colombia,03/13/2018,0,0.02,0,0.02,N/A,0,N/A
Colombia,03/22/2018,0,0.01,0,0.01,N/A,0,N/A
Colombia,04/04/2018,1,0.0,0,0.0,0.0,0,N/A
China,11/13/2016,2,0,0,0,0.0,0,N/A
China,11/14/2016,1,0,0,0,0.0,0,N/A
China,11/17/2016,1,0,0,0,0.0,0,N/A
China,11/18/2016,1,0,0,0,0.0,0,N/A
China,11/19/2016,1,0,0,0,0.0,0,N/A
China,11/20/2016,2,0,0,0,0.0,0,N/A
China,11/21/2016,50,0,0,0,0.0,0,N/A
China,11/23/2016,2,0,0,0,0.0,0,N/A
China,11/24/2016,2,0,0,0,0.0,0,N/A
China,11/27/2016,2,0,0,0,0.0,0,N/A
China,11/30/2016,1,0,0,0,0.0,0,N/A
China,12/07/2016,1,0,0,0,0.0,0,N/A
China,12/14/2016,2,0,0,0,0.0,0,N/A
China,12/18/2016,1,0,0,0,0.0,0,N/A
China,12/19/2016,6,0,0,0,0.0,0,N/A
China,12/22/2016,2,0,0,0,0.0,0,N/A
China,12/23/2016,1,0,0,0,0.0,0,N/A
China,12/24/2016,2,0,0,0,0.0,0,N/A
China,12/25/2016,1,0,0,0,0.0,0,N/A
China,12/26/2016,2,0,0,0,0.0,0,N/A
China,12/27/2016,2,0.0,0,0.0,0.0,0,N/A
China,12/28/2016,2,0,0,0,0.0,0,N/A
China,12/29/2016,4,0,0,0,0.0,0,N/A
China,12/30/2016,2,0,0,0,0.0,0,N/A
China,12/31/2016,2,0,0,0,0.0,0,N/A
China,01/01/2017,5,0,0,0,0.0,0,N/A
China,01/02/2017,3,0,0,0,0.0,0,N/A
China,01/03/2017,3,0,0,0,0.0,0,N/A
China,01/04/2017,3,0,0,0,0.0,0,N/A
China,01/05/2017,1,0,0,0,0.0,0,N/A
China,01/07/2017,5,0,0,0,0.0,0,N/A
China,01/08/2017,1,0,0,0,0.0,0,N/A
China,01/09/2017,2,0,0,0,0.0,0,N/A
China,01/10/2017,1,0,0,0,0.0,0,N/A
China,01/11/2017,1,0,0,0,0.0,0,N/A
China,01/13/2017,1,0,0,0,0.0,0,N/A
China,01/16/2017,3,0.56,0,0.56,0.19,0,N/A
China,01/17/2017,1,0,0,0,0.0,0,N/A
China,01/20/2017,1,0,0,0,0.0,0,N/A
China,01/21/2017,1,0,0,0,0.0,0,N/A
China,01/23/2017,1,0,0,0,0.0,0,N/A
China,01/28/2017,3,0,0,0,0.0,0,N/A
China,02/03/2017,1,0,0,0,0.0,0,N/A
China,02/05/2017,3,0,0,0,0.0,0,N/A
China,02/06/2017,9,0,0,0,0.0,0,N/A
China,02/07/2017,2,0,0,0,0.0,0,N/A
China,02/09/2017,1,0,0,0,0.0,0,N/A
China,02/11/2017,4,0,0,0,0.0,0,N/A
China,02/12/2017,2,0,0,0,0.0,0,N/A
China,02/17/2017,1,0,0,0,0.0,0,N/A
China,02/18/2017,1,0,0,0,0.0,0,N/A
China,02/20/2017,3,0,0,0,0.0,0,N/A
China,02/21/2017,2,0,0,0,0.0,0,N/A
China,02/22/2017,2,0,0,0,0.0,0,N/A
China,02/23/2017,1,0,0,0,0.0,0,N/A
China,02/25/2017,1,0,0,0,0.0,0,N/A
China,02/26/2017,1,0,0,0,0.0,0,N/A
China,02/27/2017,1,0,0,0,0.0,0,N/A
China,02/28/2017,3,0,0,0,0.0,0,N/A
China,03/02/2017,1,0.0,0,0.0,0.0,0,N/A
China,03/04/2017,1,0,0,0,0.0,0,N/A
China,03/05/2017,1,0.0,0,0.0,0.0,0,N/A
China,03/06/2017,4,0,0,0,0.0,0,N/A
China,03/07/2017,4,0.0,0,0.0,0.0,0,N/A
China,03/08/2017,4,0.0,0,0.0,0.0,0,N/A
China,03/09/2017,1,0.0,0,0.0,0.0,0,N/A
China,03/10/2017,1,0.0,0,0.0,0.0,0,N/A
China,03/11/2017,1,0,0,0,0.0,0,N/A
China,03/13/2017,1,0.0,0,0.0,0.0,0,N/A
China,03/15/2017,1,0,0,0,0.0,0,N/A
China,03/16/2017,2,0.0,0,0.0,0.0,0,N/A
China,03/17/2017,1,0,0,0,0.0,0,N/A
China,03/19/2017,6,0,0,0,0.0,0,N/A
China,03/20/2017,3,0,0,0,0.0,0,N/A
China,03/21/2017,5,0,0,0,0.0,0,N/A
China,03/22/2017,5,0,0,0,0.0,0,N/A
China,03/23/2017,1,0,0,0,0.0,0,N/A
China,03/24/2017,3,0,0,0,0.0,0,N/A
China,03/25/2017,1,0.0,0,0.0,0.0,0,N/A
China,03/26/2017,7,0,0,0,0.0,0,N/A
China,03/27/2017,7,0,0,0,0.0,0,N/A
China,03/28/2017,5,0,0,0,0.0,0,N/A
China,03/29/2017,7,0,0,0,0.0,0,N/A
China,03/30/2017,7,0,0,0,0.0,0,N/A
China,03/31/2017,11,0,0,0,0.0,0,N/A
China,04/01/2017,2,0.0,0,0.0,0.0,0,N/A
China,04/02/2017,6,0,0,0,0.0,0,N/A
China,04/18/2017,1,0.0,0,0.0,0.0,0,N/A
China,04/24/2017,1,0,0,0,0.0,0,N/A
China,04/27/2017,1,0.0,0,0.0,0.0,0,N/A
China,05/27/2017,1,0,0,0,0.0,0,N/A
China,07/10/2017,1,0,0,0,0.0,0,N/A
China,08/13/2017,1,0,0,0,0.0,0,N/A
China,08/14/2017,1,0,0,0,0.0,0,N/A
China,08/15/2017,6,0,0,0,0.0,0,N/A
China,08/16/2017,4,0,0,0,0.0,0,N/A
China,08/17/2017,1,0.0,0,0.0,0.0,0,N/A
China,08/18/2017,46,0,0,0,0.0,0,N/A
China,08/19/2017,42,0,0,0,0.0,0,N/A
China,08/20/2017,54,0,0,0,0.0,0,N/A
China,08/21/2017,48,0,0,0,0.0,0,N/A
China,08/22/2017,19,0.0,0,0.0,0.0,0,N/A
China,08/23/2017,46,0.0,0,0.0,0.0,0,N/A
China,08/24/2017,55,0,0,0,0.0,0,N/A
China,08/25/2017,113,0.0,0,0.0,0.0,0,N/A
China,08/26/2017,102,0,0,0,0.0,0,N/A
China,08/27/2017,45,0,0,0,0.0,0,N/A
China,08/28/2017,39,0,0,0,0.0,0,N/A
China,08/29/2017,69,0,0,0,0.0,0,N/A
China,08/30/2017,41,0,0,0,0.0,0,N/A
China,08/31/2017,46,0,0,0,0.0,0,N/A
China,09/06/2017,33,0,0,0,0.0,0,N/A
China,09/07/2017,34,0,0,0,0.0,0,N/A
China,09/08/2017,54,0,0,0,0.0,0,N/A
China,09/09/2017,40,0,0,0,0.0,0,N/A
China,09/10/2017,53,0,0,0,0.0,0,N/A
China,09/11/2017,67,0,0,0,0.0,0,N/A
China,09/12/2017,75,0,0,0,0.0,0,N/A
China,09/15/2017,68,0.0,0,0.0,0.0,0,N/A
China,09/16/2017,57,0,0,0,0.0,0,N/A
China,09/17/2017,65,0,0,0,0.0,0,N/A
China,09/18/2017,61,0,0,0,0.0,0,N/A
China,09/19/2017,67,0,0,0,0.0,0,N/A
China,09/20/2017,75,0,0,0,0.0,0,N/A
China,09/21/2017,51,0,0,0,0.0,0,N/A
China,09/22/2017,47,0,0,0,0.0,0,N/A
China,09/23/2017,46,0,0,0,0.0,0,N/A
China,09/24/2017,57,0,0,0,0.0,0,N/A
China,09/25/2017,40,0,0,0,0.0,0,N/A
China,09/26/2017,76,0,0,0,0.0,0,N/A
China,09/27/2017,57,0,0,0,0.0,0,N/A
China,09/28/2017,61,0,0,0,0.0,0,N/A
China,09/29/2017,40,0,0,0,0.0,0,N/A
China,11/18/2017,1,0,0,0,0.0,0,N/A
China,11/19/2017,1,0,0,0,0.0,0,N/A
China,11/30/2017,1,0,0,0,0.0,0,N/A
China,01/31/2018,1,0,0,0,0.0,0,N/A
China,02/03/2018,50,0,0,0,0.0,0,N/A
China,02/04/2018,1,0,0,0,0.0,0,N/A
China,03/03/2018,1,0,0,0,0.0,0,N/A
China,03/06/2018,1,0,0,0,0.0,0,N/A
China,03/08/2018,1,0,0,0,0.0,0,N/A
China,03/12/2018,1,0,0,0,0.0,0,N/A
China,03/13/2018,4,0,0,0,0.0,0,N/A
China,03/14/2018,3,0.0,0,0.0,0.0,0,N/A
China,03/15/2018,1,0.0,0,0.0,0.0,0,N/A
China,03/18/2018,1,0.0,0,0.0,0.0,0,N/A
China,03/21/2018,1,0.0,0,0.0,0.0,0,N/A
China,03/22/2018,2,0,0,0,0.0,0,N/A
China,03/30/2018,1,0,0,0,0.0,0,N/A
China,04/02/2018,1,0,0,0,0.0,0,N/A
China,04/04/2018,1,0,0,0,0.0,0,N/A
China,04/05/2018,1,0,0,0,0.0,0,N/A
China,04/07/2018,1,0.0,0,0.0,0.0,0,N/A
China,04/08/2018,1,0.0,0,0.0,0.0,0,N/A
China,04/10/2018,1,0,0,0,0.0,0,N/A
China,04/12/2018,1,0,0,0,0.0,0,N/A
China,04/15/2018,1,0,0,0,0.0,0,N/A
China,04/16/2018,1,0,0,0,0.0,0,N/A
China,04/17/2018,1,0,0,0,0.0,0,N/A
China,04/19/2018,2,0,0,0,0.0,0,N/A
Chile,11/09/2015,1,0,0,0,0.0,0,N/A
Chile,02/11/2016,1,0.64,0,0.64,0.64,0,N/A
Chile,11/13/2016,1,0,0,0,0.0,0,N/A
Chile,12/02/2016,1,0,0,0,0.0,0,N/A
Chile,12/08/2016,1,0,0,0,0.0,0,N/A
Chile,12/12/2016,4,0.0,0,0.0,0.0,0,N/A
Chile,12/13/2016,4,0.0,0,0.0,0.0,0,N/A
Chile,12/14/2016,3,0.0,0,0.0,0.0,0,N/A
Chile,12/15/2016,1,0.02,0,0.02,0.02,0,N/A
Chile,12/17/2016,1,0.0,0,0.0,0.0,0,N/A
Chile,12/18/2016,2,0.01,0,0.01,0.0,0,N/A
Chile,12/20/2016,2,0.0,0,0.0,0.0,0,N/A
Chile,12/27/2016,2,0.0,0,0.0,0.0,0,N/A
Chile,01/02/2017,1,0.0,0,0.0,0.0,0,N/A
Chile,01/05/2017,1,0.0,0,0.0,0.0,0,N/A
Chile,01/07/2017,1,0.0,0,0.0,0.0,0,N/A
Chile,01/08/2017,2,0.0,0,0.0,0.0,0,N/A
Chile,01/09/2017,1,0.03,0,0.03,0.03,0,N/A
Chile,01/14/2017,1,0.0,0,0.0,0.0,0,N/A
Chile,01/18/2017,2,0.07,0,0.07,0.03,0,N/A
Chile,01/20/2017,2,0.0,0,0.0,0.0,0,N/A
Chile,01/23/2017,1,0.0,0,0.0,0.0,0,N/A
Chile,01/24/2017,1,0.0,0,0.0,0.0,0,N/A
Chile,01/28/2017,1,0.0,0,0.0,0.0,0,N/A
Chile,01/31/2017,1,0.0,0,0.0,0.0,0,N/A
Chile,02/01/2017,2,0.03,0,0.03,0.01,0,N/A
Chile,02/03/2017,2,0.0,0,0.0,0.0,0,N/A
Chile,02/04/2017,1,0.0,0,0.0,0.0,0,N/A
Chile,02/05/2017,1,0.0,0,0.0,0.0,0,N/A
Chile,02/09/2017,1,0.0,0,0.0,0.0,0,N/A
Chile,02/10/2017,1,0,0,0,0.0,0,N/A
Chile,02/12/2017,1,0.01,0,0.01,0.01,0,N/A
Chile,02/13/2017,1,0.0,0,0.0,0.0,0,N/A
Chile,02/19/2017,0,0.01,0,0.01,N/A,0,N/A
Chile,02/20/2017,1,0.0,0,0.0,0.0,0,N/A
Chile,02/25/2017,1,0.02,0,0.02,0.02,0,N/A
Chile,02/26/2017,1,0.0,0,0.0,0.0,0,N/A
Chile,03/04/2017,0,0.03,0,0.03,N/A,0,N/A
Chile,03/08/2017,3,0.0,0,0.0,0.0,0,N/A
Chile,03/20/2017,1,0.0,0,0.0,0.0,0,N/A
Chile,03/21/2017,1,0.0,0,0.0,0.0,0,N/A
Chile,03/29/2017,0,0.03,0,0.03,N/A,0,N/A
Chile,04/23/2017,1,0.0,0,0.0,0.0,0,N/A
Chile,04/26/2017,1,0.0,0,0.0,0.0,0,N/A
Chile,04/27/2017,2,0.0,0,0.0,0.0,0,N/A
Chile,04/28/2017,0,0.01,0,0.01,N/A,0,N/A
Chile,04/29/2017,0,0.01,0,0.01,N/A,0,N/A
Chile,04/30/2017,1,0.11,0,0.11,0.11,0,N/A
Chile,05/01/2017,0,0.09,0,0.09,N/A,0,N/A
Chile,05/10/2017,0,0.01,0,0.01,N/A,0,N/A
Chile,05/21/2017,1,0.0,0,0.0,0.0,0,N/A
Chile,05/22/2017,1,0.0,0,0.0,0.0,0,N/A
Chile,06/10/2017,1,0.0,0,0.0,0.0,0,N/A
Chile,06/22/2017,1,0.0,0,0.0,0.0,0,N/A
Chile,06/23/2017,0,0.01,0,0.01,N/A,0,N/A
Chile,06/27/2017,1,0.0,0,0.0,0.0,0,N/A
Chile,07/08/2017,1,0.03,0,0.03,0.03,0,N/A
Chile,07/09/2017,0,0.02,0,0.02,N/A,0,N/A
Chile,07/12/2017,1,0.04,0,0.04,0.04,0,N/A
Chile,07/23/2017,0,0.01,0,0.01,N/A,0,N/A
Chile,07/29/2017,1,0.0,0,0.0,0.0,0,N/A
Chile,07/30/2017,1,0.0,0,0.0,0.0,0,N/A
Chile,07/31/2017,0,0.13,0,0.13,N/A,0,N/A
Chile,08/07/2017,1,0.0,0,0.0,0.0,0,N/A
Chile,08/08/2017,1,0.0,0,0.0,0.0,0,N/A
Chile,08/09/2017,1,0.0,0,0.0,0.0,0,N/A
Chile,08/30/2017,1,0.07,0,0.07,0.07,0,N/A
Chile,09/06/2017,0,0.03,0,0.03,N/A,0,N/A
Chile,09/15/2017,1,0.0,0,0.0,0.0,0,N/A
Chile,09/19/2017,1,0.0,0,0.0,0.0,0,N/A
Chile,09/20/2017,1,0.0,0,0.0,0.0,0,N/A
Chile,09/22/2017,1,0.0,0,0.0,0.0,0,N/A
Chile,09/24/2017,1,0.0,0,0.0,0.0,0,N/A
Chile,09/25/2017,1,0.01,0,0.01,0.01,0,N/A
Chile,10/09/2017,0,0.02,0,0.02,N/A,0,N/A
Chile,10/10/2017,1,0.0,0,0.0,0.0,0,N/A
Chile,10/24/2017,1,0.0,0,0.0,0.0,0,N/A
Chile,10/30/2017,1,0.0,0,0.0,0.0,0,N/A
Chile,11/06/2017,0,0.01,0,0.01,N/A,0,N/A
Chile,11/14/2017,1,0.0,0,0.0,0.0,0,N/A
Chile,11/18/2017,1,0.0,0,0.0,0.0,0,N/A
Chile,11/29/2017,1,0.0,0,0.0,0.0,0,N/A
Chile,12/06/2017,1,0.0,0,0.0,0.0,0,N/A
Chile,12/14/2017,1,0,0,0,0.0,0,N/A
Chile,12/30/2017,1,0.0,0,0.0,0.0,0,N/A
Chile,01/06/2018,1,0.0,0,0.0,0.0,0,N/A
Chile,01/07/2018,1,0,0,0,0.0,0,N/A
Chile,01/11/2018,1,0.0,0,0.0,0.0,0,N/A
Chile,01/20/2018,1,0.0,0,0.0,0.0,0,N/A
Chile,01/26/2018,1,0.0,0,0.0,0.0,0,N/A
Chile,01/28/2018,0,0.02,0,0.02,N/A,0,N/A
Chile,02/04/2018,1,0.0,0,0.0,0.0,0,N/A
Chile,02/24/2018,1,0.0,0,0.0,0.0,0,N/A
Chile,03/13/2018,0,0.02,0,0.02,N/A,0,N/A
Chile,03/30/2018,1,0.0,0,0.0,0.0,0,N/A
Chile,04/07/2018,1,0.0,0,0.0,0.0,0,N/A
Canada,06/26/2015,1,0.76,0,0.76,0.76,0,N/A
Canada,02/15/2016,1,0.63,0,0.63,0.63,0,N/A
Canada,03/19/2016,1,0.71,0,0.71,0.71,0,N/A
Canada,06/27/2016,1,0.67,0,0.67,0.67,0,N/A
Canada,06/28/2016,1,0.72,0,0.72,0.72,0,N/A
Canada,07/21/2016,1,0.72,0,0.72,0.72,0,N/A
Canada,01/08/2017,1,0,0,0,0.0,0,N/A
Canada,01/23/2017,1,0.0,0,0.0,0.0,0,N/A
Canada,02/05/2017,1,0,0,0,0.0,0,N/A
Canada,02/09/2017,1,0.0,0,0.0,0.0,0,N/A
Canada,02/15/2017,1,0.0,0,0.0,0.0,0,N/A
Canada,02/18/2017,1,0,0,0,0.0,0,N/A
Canada,02/20/2017,2,0.2,0,0.2,0.1,0,N/A
Canada,02/22/2017,1,0.0,0,0.0,0.0,0,N/A
Canada,02/26/2017,2,0.0,0,0.0,0.0,0,N/A
Canada,02/27/2017,1,0.0,0,0.0,0.0,0,N/A
Canada,03/18/2017,0,0.01,0,0.01,N/A,0,N/A
Canada,03/20/2017,0,0.14,0,0.14,N/A,0,N/A
Canada,03/21/2017,0,0.02,0,0.02,N/A,0,N/A
Canada,03/25/2017,0,0.42,0,0.42,N/A,0,N/A
Canada,03/27/2017,0,0.77,0,0.77,N/A,0,N/A
Canada,03/28/2017,0,0.91,0,0.91,N/A,0,N/A
Canada,04/03/2017,1,0.0,0,0.0,0.0,0,N/A
Canada,04/07/2017,1,0.0,0,0.0,0.0,0,N/A
Canada,04/09/2017,1,0.0,0,0.0,0.0,0,N/A
Canada,04/10/2017,1,0.0,0,0.0,0.0,0,N/A
Canada,04/19/2017,0,0.18,0,0.18,N/A,0,N/A
Canada,04/21/2017,1,0.0,0,0.0,0.0,0,N/A
Canada,04/24/2017,1,0.0,0,0.0,0.0,0,N/A
Canada,04/26/2017,1,0.0,0,0.0,0.0,0,N/A
Canada,05/15/2017,1,0.0,0,0.0,0.0,0,N/A
Canada,05/17/2017,1,0.0,0,0.0,0.0,0,N/A
Canada,06/03/2017,1,0.0,0,0.0,0.0,0,N/A
Canada,06/08/2017,1,0.0,0,0.0,0.0,0,N/A
Canada,06/10/2017,1,0.0,0,0.0,0.0,0,N/A
Canada,06/11/2017,2,0.0,0,0.0,0.0,0,N/A
Canada,06/15/2017,1,0.0,0,0.0,0.0,0,N/A
Canada,06/28/2017,1,0.0,0,0.0,0.0,0,N/A
Canada,06/30/2017,1,0.0,0,0.0,0.0,0,N/A
Canada,07/04/2017,1,0.0,0,0.0,0.0,0,N/A
Canada,07/07/2017,1,0.0,0,0.0,0.0,0,N/A
Canada,07/08/2017,1,0.66,0,0.66,0.66,0,N/A
Canada,07/11/2017,1,0.0,0,0.0,0.0,0,N/A
Canada,07/13/2017,2,0.72,0,0.72,0.36,0,N/A
Canada,07/15/2017,2,0.0,0,0.0,0.0,0,N/A
Canada,07/21/2017,0,0.21,0,0.21,N/A,0,N/A
Canada,07/23/2017,1,0.0,0,0.0,0.0,0,N/A
Canada,08/03/2017,2,0.0,0,0.0,0.0,0,N/A
Canada,08/19/2017,1,0.0,0,0.0,0.0,0,N/A
Canada,08/22/2017,1,0.0,0,0.0,0.0,0,N/A
Canada,09/20/2017,1,0.0,0,0.0,0.0,0,N/A
Canada,11/02/2017,1,0.0,0,0.0,0.0,0,N/A
Canada,11/30/2017,1,0.0,0,0.0,0.0,0,N/A
Canada,01/17/2018,2,0.0,0,0.0,0.0,0,N/A
Canada,01/26/2018,1,0.0,0,0.0,0.0,0,N/A
Canada,01/27/2018,1,0,0,0,0.0,0,N/A
Canada,01/28/2018,2,0.0,0,0.0,0.0,0,N/A
Canada,01/30/2018,1,0,0,0,0.0,0,N/A
Canada,02/06/2018,1,0.0,0,0.0,0.0,0,N/A
Canada,02/22/2018,1,0,0,0,0.0,0,N/A
Canada,02/25/2018,0,0.14,0,0.14,N/A,0,N/A
Canada,02/26/2018,1,0.0,0,0.0,0.0,0,N/A
Canada,03/03/2018,1,0.0,0,0.0,0.0,0,N/A
Canada,03/09/2018,1,0.0,0,0.0,0.0,0,N/A
Canada,03/13/2018,1,0,0,0,0.0,0,N/A
Canada,03/19/2018,1,0.62,0,0.62,0.62,0,N/A
Canada,03/21/2018,1,0.0,0,0.0,0.0,0,N/A
Canada,03/23/2018,1,0.0,0,0.0,0.0,0,N/A
Canada,04/05/2018,2,0.0,0,0.0,0.0,0,N/A
Canada,04/07/2018,1,0,0,0,0.0,0,N/A
Canada,04/09/2018,1,0.0,0,0.0,0.0,0,N/A
Canada,04/10/2018,0,0.01,0,0.01,N/A,0,N/A
Canada,04/11/2018,1,0.0,0,0.0,0.0,0,N/A
Canada,04/12/2018,1,0.0,0,0.0,0.0,0,N/A
Canada,04/19/2018,1,0.0,0,0.0,0.0,0,N/A
Czech Republic,08/11/2015,0,0.58,0,0.58,N/A,0,N/A
Czech Republic,04/23/2016,1,0.57,0,0.57,0.57,0,N/A
Czech Republic,06/24/2016,1,0.58,0,0.58,0.58,0,N/A
Czech Republic,02/28/2017,2,0.0,0,0.0,0.0,0,N/A
Czech Republic,04/02/2017,1,0.0,0,0.0,0.0,0,N/A
Czech Republic,04/25/2017,1,0.21,0,0.21,0.21,0,N/A
Czech Republic,05/01/2017,1,0.0,0,0.0,0.0,0,N/A
Czech Republic,05/25/2017,1,0.0,0,0.0,0.0,0,N/A
Czech Republic,05/28/2017,2,0.0,0,0.0,0.0,0,N/A
Czech Republic,05/29/2017,1,0.0,0,0.0,0.0,0,N/A
Czech Republic,05/31/2017,1,0.0,0,0.0,0.0,0,N/A
Czech Republic,06/01/2017,1,0,0,0,0.0,0,N/A
Czech Republic,06/02/2017,1,0.0,0,0.0,0.0,0,N/A
Czech Republic,06/04/2017,1,0,0,0,0.0,0,N/A
Czech Republic,06/13/2017,1,0.0,0,0.0,0.0,0,N/A
Czech Republic,06/17/2017,1,0.0,0,0.0,0.0,0,N/A
Czech Republic,06/18/2017,1,0.0,0,0.0,0.0,0,N/A
Czech Republic,06/19/2017,1,0.0,0,0.0,0.0,0,N/A
Czech Republic,06/21/2017,1,0.0,0,0.0,0.0,0,N/A
Czech Republic,06/25/2017,1,0.0,0,0.0,0.0,0,N/A
Czech Republic,07/09/2017,1,0.0,0,0.0,0.0,0,N/A
Czech Republic,07/17/2017,1,0.0,0,0.0,0.0,0,N/A
Czech Republic,07/20/2017,1,0.0,0,0.0,0.0,0,N/A
Czech Republic,07/26/2017,1,0.0,0,0.0,0.0,0,N/A
Czech Republic,08/26/2017,1,0.0,0,0.0,0.0,0,N/A
Czech Republic,09/07/2017,1,0.0,0,0.0,0.0,0,N/A
Czech Republic,02/20/2018,1,0.0,0,0.0,0.0,0,N/A
Czech Republic,02/21/2018,0,0.18,0,0.18,N/A,0,N/A
Czech Republic,03/03/2018,0,0.05,0,0.05,N/A,0,N/A
Cyprus,01/31/2017,1,0.0,0,0.0,0.0,0,N/A
Cyprus,02/20/2017,1,0,0,0,0.0,0,N/A
Cyprus,06/30/2017,1,0.0,0,0.0,0.0,0,N/A
Cyprus,07/16/2017,1,0.0,0,0.0,0.0,0,N/A
Cyprus,09/06/2017,1,0.0,0,0.0,0.0,0,N/A
Cyprus,11/04/2017,1,0.0,0,0.0,0.0,0,N/A
Costa Rica,02/04/2017,1,0.0,0,0.0,0.0,0,N/A
Costa Rica,02/14/2017,1,0.0,0,0.0,0.0,0,N/A
Costa Rica,02/24/2017,1,0.0,0,0.0,0.0,0,N/A
Costa Rica,03/28/2017,1,0.0,0,0.0,0.0,0,N/A
Costa Rica,03/29/2017,0,0.03,0,0.03,N/A,0,N/A
Costa Rica,04/05/2017,1,0.0,0,0.0,0.0,0,N/A
Costa Rica,04/06/2017,2,0.0,0,0.0,0.0,0,N/A
Costa Rica,04/11/2017,1,0.0,0,0.0,0.0,0,N/A
Costa Rica,04/27/2017,1,0.01,0,0.01,0.01,0,N/A
Costa Rica,05/17/2017,1,0,0,0,0.0,0,N/A
Costa Rica,06/10/2017,1,0.0,0,0.0,0.0,0,N/A
Costa Rica,02/19/2018,1,0.03,0,0.03,0.03,0,N/A
Cuba,02/26/2017,1,0,0,0,0.0,0,N/A
Cuba,11/23/2017,1,0,0,0,0.0,0,N/A
Kenya,02/04/2017,1,0.0,0,0.0,0.0,0,N/A
Kenya,02/21/2017,1,0.0,0,0.0,0.0,0,N/A
Kenya,06/06/2017,1,0,0,0,0.0,0,N/A
Cambodia,03/07/2017,1,0.0,0,0.0,0.0,0,N/A
Cambodia,03/17/2017,0,0.01,0,0.01,N/A,0,N/A
Cambodia,05/31/2017,1,0.0,0,0.0,0.0,0,N/A
Cambodia,06/23/2017,1,0.0,0,0.0,0.0,0,N/A
Cambodia,12/11/2017,0,0.01,0,0.01,N/A,0,N/A
Cambodia,03/06/2018,1,0.0,0,0.0,0.0,0,N/A
Slovakia,10/12/2015,1,0.58,0,0.58,0.58,0,N/A
Slovakia,11/18/2016,1,0,0,0,0.0,0,N/A
Slovakia,03/15/2017,1,0.0,0,0.0,0.0,0,N/A
Slovakia,04/11/2017,1,0.0,0,0.0,0.0,0,N/A
Slovakia,05/17/2017,1,0.0,0,0.0,0.0,0,N/A
Slovakia,06/03/2017,0,0.07,0,0.07,N/A,0,N/A
Slovakia,06/13/2017,1,0.0,0,0.0,0.0,0,N/A
Slovakia,06/16/2017,1,0.0,0,0.0,0.0,0,N/A
Slovakia,06/21/2017,1,0.0,0,0.0,0.0,0,N/A
Slovakia,07/07/2017,1,0.0,0,0.0,0.0,0,N/A
Slovakia,07/09/2017,1,0.0,0,0.0,0.0,0,N/A
Slovakia,07/18/2017,2,0,0,0,0.0,0,N/A
Slovakia,08/06/2017,1,0.0,0,0.0,0.0,0,N/A
Slovakia,08/07/2017,0,0.13,0,0.13,N/A,0,N/A
Slovakia,08/24/2017,1,0.0,0,0.0,0.0,0,N/A
Slovakia,09/21/2017,0,0.14,0,0.14,N/A,0,N/A
Slovakia,02/06/2018,1,0.0,0,0.0,0.0,0,N/A
South Korea,06/05/2016,1,0.72,0,0.72,0.72,0,N/A
South Korea,07/05/2016,1,0,0,0,0.0,0,N/A
South Korea,02/21/2017,1,0.0,0,0.0,0.0,0,N/A
South Korea,03/01/2017,1,0.0,0,0.0,0.0,0,N/A
South Korea,03/05/2017,1,0.0,0,0.0,0.0,0,N/A
South Korea,03/17/2017,0,0.05,0,0.05,N/A,0,N/A
South Korea,03/30/2017,1,0.0,0,0.0,0.0,0,N/A
South Korea,03/31/2017,1,0.0,0,0.0,0.0,0,N/A
South Korea,04/01/2017,0,0.05,0,0.05,N/A,0,N/A
South Korea,04/02/2017,0,0.16,0,0.16,N/A,0,N/A
South Korea,04/07/2017,2,0,0,0,0.0,0,N/A
South Korea,04/22/2017,1,0.0,0,0.0,0.0,0,N/A
South Korea,04/25/2017,1,0.0,0,0.0,0.0,0,N/A
South Korea,04/30/2017,1,0.0,0,0.0,0.0,0,N/A
South Korea,05/01/2017,1,0.0,0,0.0,0.0,0,N/A
South Korea,05/02/2017,1,0.0,0,0.0,0.0,0,N/A
South Korea,05/05/2017,1,0.0,0,0.0,0.0,0,N/A
South Korea,05/17/2017,1,0.0,0,0.0,0.0,0,N/A
South Korea,05/18/2017,1,0.0,0,0.0,0.0,0,N/A
South Korea,05/19/2017,1,0.0,0,0.0,0.0,0,N/A
South Korea,05/28/2017,1,0,0,0,0.0,0,N/A
South Korea,06/05/2017,1,0,0,0,0.0,0,N/A
South Korea,06/07/2017,0,0.92,0,0.92,N/A,0,N/A
South Korea,06/12/2017,1,0,0,0,0.0,0,N/A
South Korea,06/15/2017,1,0.08,0,0.08,0.08,0,N/A
South Korea,06/16/2017,1,0.0,0,0.0,0.0,0,N/A
South Korea,06/17/2017,1,0.0,0,0.0,0.0,0,N/A
South Korea,06/21/2017,2,0.0,0,0.0,0.0,0,N/A
South Korea,06/28/2017,1,0.01,0,0.01,0.01,0,N/A
South Korea,07/22/2017,1,0.0,0,0.0,0.0,0,N/A
South Korea,08/29/2017,1,0.0,0,0.0,0.0,0,N/A
South Korea,09/16/2017,1,0.0,0,0.0,0.0,0,N/A
South Korea,10/05/2017,1,0.0,0,0.0,0.0,0,N/A
South Korea,12/16/2017,1,0.0,0,0.0,0.0,0,N/A
South Korea,01/06/2018,1,0.0,0,0.0,0.0,0,N/A
Slovenia,05/06/2016,1,0.57,0,0.57,0.57,0,N/A
Slovenia,07/20/2016,1,0.57,0,0.57,0.57,0,N/A
Slovenia,12/20/2016,1,0.0,0,0.0,0.0,0,N/A
Slovenia,01/14/2017,1,0.0,0,0.0,0.0,0,N/A
Slovenia,02/26/2017,2,0.0,0,0.0,0.0,0,N/A
Slovenia,03/20/2017,1,0.0,0,0.0,0.0,0,N/A
Slovenia,03/25/2017,1,0.0,0,0.0,0.0,0,N/A
Slovenia,05/20/2017,1,0.0,0,0.0,0.0,0,N/A
Slovenia,06/04/2017,1,0,0,0,0.0,0,N/A
Slovenia,06/05/2017,1,0,0,0,0.0,0,N/A
Slovenia,06/09/2017,1,0.0,0,0.0,0.0,0,N/A
Slovenia,06/20/2017,1,0.0,0,0.0,0.0,0,N/A
Slovenia,06/21/2017,1,0.0,0,0.0,0.0,0,N/A
Slovenia,06/24/2017,1,0.0,0,0.0,0.0,0,N/A
Slovenia,07/19/2017,1,0.05,0,0.05,0.05,0,N/A
Slovenia,08/03/2017,2,0.0,0,0.0,0.0,0,N/A
Slovenia,09/02/2017,0,0.09,0,0.09,N/A,0,N/A
Kuwait,11/16/2016,1,0,0,0,0.0,0,N/A
Kuwait,11/30/2016,1,0,0,0,0.0,0,N/A
Kuwait,03/26/2017,1,0.0,0,0.0,0.0,0,N/A
Kuwait,04/24/2017,1,0.0,0,0.0,0.0,0,N/A
Kuwait,05/02/2017,1,0.64,0,0.64,0.64,0,N/A
Kuwait,05/15/2017,1,0.0,0,0.0,0.0,0,N/A
Kuwait,07/08/2017,0,0.02,0,0.02,N/A,0,N/A
Kuwait,07/09/2017,1,0,0,0,0.0,0,N/A
Kuwait,07/11/2017,1,0.0,0,0.0,0.0,0,N/A
Kuwait,07/23/2017,1,0.0,0,0.0,0.0,0,N/A
Kuwait,02/15/2018,1,0.0,0,0.0,0.0,0,N/A
Kuwait,03/29/2018,1,0.0,0,0.0,0.0,0,N/A
Kazakhstan,11/23/2016,1,0,0,0,0.0,0,N/A
Kazakhstan,01/31/2017,1,0,0,0,0.0,0,N/A
Kazakhstan,03/30/2017,1,0,0,0,0.0,0,N/A
Kazakhstan,06/02/2017,1,0.0,0,0.0,0.0,0,N/A
Kazakhstan,06/13/2017,1,0,0,0,0.0,0,N/A
Kazakhstan,07/13/2017,1,0.0,0,0.0,0.0,0,N/A
Kazakhstan,08/21/2017,1,0,0,0,0.0,0,N/A
Kazakhstan,12/08/2017,1,0,0,0,0.0,0,N/A
Kazakhstan,01/24/2018,1,0.0,0,0.0,0.0,0,N/A
Singapore,11/18/2016,1,0,0,0,0.0,0,N/A
Singapore,11/29/2016,1,0,0,0,0.0,0,N/A
Singapore,12/05/2016,1,0,0,0,0.0,0,N/A
Singapore,12/10/2016,1,0,0,0,0.0,0,N/A
Singapore,12/30/2016,1,0.0,0,0.0,0.0,0,N/A
Singapore,01/12/2017,1,0,0,0,0.0,0,N/A
Singapore,02/14/2017,11,0.04,0,0.04,0.0,0,N/A
Singapore,02/15/2017,11,0.0,0,0.0,0.0,0,N/A
Singapore,02/19/2017,1,0,0,0,0.0,0,N/A
Singapore,02/20/2017,0,0.08,0,0.08,N/A,0,N/A
Singapore,03/14/2017,1,0.0,0,0.0,0.0,0,N/A
Singapore,03/20/2017,0,0.12,0,0.12,N/A,0,N/A
Singapore,03/26/2017,1,0.0,0,0.0,0.0,0,N/A
Singapore,03/31/2017,1,0.1,0,0.1,0.1,0,N/A
Singapore,04/01/2017,0,0.07,0,0.07,N/A,0,N/A
Singapore,04/03/2017,1,0.0,0,0.0,0.0,0,N/A
Singapore,04/05/2017,0,0.06,0,0.06,N/A,0,N/A
Singapore,04/10/2017,0,0.09,0,0.09,N/A,0,N/A
Singapore,04/23/2017,1,0.0,0,0.0,0.0,0,N/A
Singapore,05/26/2017,1,0.0,0,0.0,0.0,0,N/A
Singapore,06/14/2017,1,0.0,0,0.0,0.0,0,N/A
Singapore,06/27/2017,1,0.0,0,0.0,0.0,0,N/A
Singapore,07/18/2017,1,0.0,0,0.0,0.0,0,N/A
Singapore,07/26/2017,0,0.08,0,0.08,N/A,0,N/A
Singapore,08/02/2017,1,0.0,0,0.0,0.0,0,N/A
Singapore,08/04/2017,1,0.0,0,0.0,0.0,0,N/A
Singapore,08/14/2017,1,0.0,0,0.0,0.0,0,N/A
Singapore,09/19/2017,1,0.06,0,0.06,0.06,0,N/A
Singapore,10/15/2017,0,0.06,0,0.06,N/A,0,N/A
Singapore,12/19/2017,1,0.07,0,0.07,0.07,0,N/A
Singapore,01/18/2018,1,0.0,0,0.0,0.0,0,N/A
Singapore,02/23/2018,2,0.0,0,0.0,0.0,0,N/A
Singapore,03/02/2018,1,0,0,0,0.0,0,N/A
Singapore,03/06/2018,1,0.04,0,0.04,0.04,0,N/A
Singapore,03/14/2018,1,0.0,0,0.0,0.0,0,N/A
Singapore,03/19/2018,1,0,0,0,0.0,0,N/A
Sweden,06/08/2014,1,0.69,0,0.69,0.69,0,N/A
Sweden,05/10/2015,1,0.54,0,0.54,0.54,0,N/A
Sweden,06/09/2015,1,0.53,0,0.53,0.53,0,N/A
Sweden,06/19/2015,1,0.54,0,0.54,0.54,0,N/A
Sweden,07/01/2015,2,1.08,0,1.08,0.54,0,N/A
Sweden,07/03/2015,1,0.53,0,0.53,0.53,0,N/A
Sweden,07/04/2015,1,0.53,0,0.53,0.53,0,N/A
Sweden,07/19/2015,1,0,0,0,0.0,0,N/A
Sweden,07/23/2015,1,0,0,0,0.0,0,N/A
Sweden,07/24/2015,0,0.53,0,0.53,N/A,0,N/A
Sweden,08/04/2015,1,0,0,0,0.0,0,N/A
Sweden,08/10/2015,1,0.52,0,0.52,0.52,0,N/A
Sweden,08/11/2015,1,0,0,0,0.0,0,N/A
Sweden,10/14/2015,1,0.54,0,0.54,0.54,0,N/A
Sweden,12/21/2015,0,0.54,0,0.54,N/A,0,N/A
Sweden,12/30/2015,1,0.55,0,0.55,0.55,0,N/A
Sweden,02/11/2016,1,0.6,0,0.6,0.6,0,N/A
Sweden,03/11/2016,1,0.54,0,0.54,0.54,0,N/A
Sweden,03/23/2016,1,0.54,0,0.54,0.54,0,N/A
Sweden,04/05/2016,1,0.54,0,0.54,0.54,0,N/A
Sweden,05/06/2016,1,0.61,0,0.61,0.61,0,N/A
Sweden,06/09/2016,1,0.6,0,0.6,0.6,0,N/A
Sweden,07/11/2016,1,0.59,0,0.59,0.59,0,N/A
Sweden,07/19/2016,1,0,0,0,0.0,0,N/A
Sweden,07/20/2016,0,0.52,0,0.52,N/A,0,N/A
Sweden,11/06/2016,1,0.57,0,0.57,0.57,0,N/A
Sweden,11/16/2016,1,0,0,0,0.0,0,N/A
Sweden,11/20/2016,1,0,0,0,0.0,0,N/A
Sweden,11/25/2016,1,0,0,0,0.0,0,N/A
Sweden,11/28/2016,1,0,0,0,0.0,0,N/A
Sweden,12/03/2016,1,0,0,0,0.0,0,N/A
Sweden,12/04/2016,1,0,0,0,0.0,0,N/A
Sweden,12/05/2016,2,0,0,0,0.0,0,N/A
Sweden,12/07/2016,1,0.0,0,0.0,0.0,0,N/A
Sweden,12/08/2016,2,0,0,0,0.0,0,N/A
Sweden,12/12/2016,1,0,0,0,0.0,0,N/A
Sweden,12/20/2016,2,0.57,0,0.57,0.29,0,N/A
Sweden,12/31/2016,1,0,0,0,0.0,0,N/A
Sweden,01/01/2017,1,0,0,0,0.0,0,N/A
Sweden,01/06/2017,1,0,0,0,0.0,0,N/A
Sweden,01/12/2017,1,0,0,0,0.0,0,N/A
Sweden,01/23/2017,1,0,0,0,0.0,0,N/A
Sweden,01/24/2017,1,0,0,0,0.0,0,N/A
Sweden,01/26/2017,1,0,0,0,0.0,0,N/A
Sweden,02/01/2017,1,0.0,0,0.0,0.0,0,N/A
Sweden,02/02/2017,1,0.0,0,0.0,0.0,0,N/A
Sweden,02/04/2017,1,0.0,0,0.0,0.0,0,N/A
Sweden,02/13/2017,1,0,0,0,0.0,0,N/A
Sweden,02/15/2017,1,0.0,0,0.0,0.0,0,N/A
Sweden,02/17/2017,2,0.68,0,0.68,0.34,0,N/A
Sweden,02/23/2017,1,0.0,0,0.0,0.0,0,N/A
Sweden,03/06/2017,1,0.0,0,0.0,0.0,0,N/A
Sweden,03/11/2017,1,0.11,0,0.11,0.11,0,N/A
Sweden,03/15/2017,1,0.0,0,0.0,0.0,0,N/A
Sweden,03/16/2017,0,0.04,0,0.04,N/A,0,N/A
Sweden,03/24/2017,1,0.0,0,0.0,0.0,0,N/A
Sweden,03/25/2017,1,0.0,0,0.0,0.0,0,N/A
Sweden,03/26/2017,2,0.0,0,0.0,0.0,0,N/A
Sweden,03/30/2017,2,0.59,0,0.59,0.29,0,N/A
Sweden,04/01/2017,1,0.0,0,0.0,0.0,0,N/A
Sweden,04/02/2017,1,0.13,0,0.13,0.13,0,N/A
Sweden,04/18/2017,1,0.0,0,0.0,0.0,0,N/A
Sweden,04/20/2017,0,0.13,0,0.13,N/A,0,N/A
Sweden,04/23/2017,1,0.0,0,0.0,0.0,0,N/A
Sweden,04/29/2017,1,0.0,0,0.0,0.0,0,N/A
Sweden,05/02/2017,2,0.0,0,0.0,0.0,0,N/A
Sweden,05/04/2017,1,0.02,0,0.02,0.02,0,N/A
Sweden,05/05/2017,0,0.01,0,0.01,N/A,0,N/A
Sweden,05/06/2017,1,0.0,0,0.0,0.0,0,N/A
Sweden,05/08/2017,1,0.0,0,0.0,0.0,0,N/A
Sweden,05/11/2017,1,0.0,0,0.0,0.0,0,N/A
Sweden,05/18/2017,1,0.0,0,0.0,0.0,0,N/A
Sweden,05/21/2017,2,0.0,0,0.0,0.0,0,N/A
Sweden,05/22/2017,1,0.0,0,0.0,0.0,0,N/A
Sweden,05/24/2017,1,0.0,0,0.0,0.0,0,N/A
Sweden,05/25/2017,0,0.77,0,0.77,N/A,0,N/A
Sweden,05/26/2017,1,0.22,0,0.22,0.22,0,N/A
Sweden,05/27/2017,1,0.0,0,0.0,0.0,0,N/A
Sweden,05/28/2017,0,0.01,0,0.01,N/A,0,N/A
Sweden,05/29/2017,1,0.01,0,0.01,0.01,0,N/A
Sweden,06/02/2017,1,0.02,0,0.02,0.02,0,N/A
Sweden,06/03/2017,0,0.13,0,0.13,N/A,0,N/A
Sweden,06/10/2017,1,0.51,0,0.51,0.51,0,N/A
Sweden,06/11/2017,0,0.39,0,0.39,N/A,0,N/A
Sweden,06/13/2017,0,0.04,0,0.04,N/A,0,N/A
Sweden,06/14/2017,1,0.0,0,0.0,0.0,0,N/A
Sweden,06/15/2017,0,0.04,0,0.04,N/A,0,N/A
Sweden,06/16/2017,0,0.25,0,0.25,N/A,0,N/A
Sweden,06/18/2017,0,0.11,0,0.11,N/A,0,N/A
Sweden,06/19/2017,2,0.0,0,0.0,0.0,0,N/A
Sweden,06/21/2017,0,0.07,0,0.07,N/A,0,N/A
Sweden,06/22/2017,1,0.77,0,0.77,0.77,0,N/A
Sweden,06/23/2017,1,0.0,0,0.0,0.0,0,N/A
Sweden,06/28/2017,1,0.01,0,0.01,0.01,0,N/A
Sweden,06/30/2017,0,0.07,0,0.07,N/A,0,N/A
Sweden,07/03/2017,0,0.07,0,0.07,N/A,0,N/A
Sweden,07/04/2017,1,0.0,0,0.0,0.0,0,N/A
Sweden,07/07/2017,0,0.12,0,0.12,N/A,0,N/A
Sweden,07/08/2017,2,0.58,0,0.58,0.29,0,N/A
Sweden,07/09/2017,1,0.08,0,0.08,0.08,0,N/A
Sweden,07/10/2017,2,0.0,0,0.0,0.0,0,N/A
Sweden,07/11/2017,2,0.0,0,0.0,0.0,0,N/A
Sweden,07/12/2017,1,0.0,0,0.0,0.0,0,N/A
Sweden,07/13/2017,1,0.0,0,0.0,0.0,0,N/A
Sweden,07/14/2017,1,0.0,0,0.0,0.0,0,N/A
Sweden,07/16/2017,1,0.43,0,0.43,0.43,0,N/A
Sweden,07/17/2017,1,0.0,0,0.0,0.0,0,N/A
Sweden,07/18/2017,1,0.0,0,0.0,0.0,0,N/A
Sweden,07/19/2017,1,0.0,0,0.0,0.0,0,N/A
Sweden,07/20/2017,2,0.0,0,0.0,0.0,0,N/A
Sweden,07/21/2017,1,0.0,0,0.0,0.0,0,N/A
Sweden,07/23/2017,1,0.03,0,0.03,0.03,0,N/A
Sweden,07/24/2017,1,0.0,0,0.0,0.0,0,N/A
Sweden,07/26/2017,1,0.0,0,0.0,0.0,0,N/A
Sweden,07/28/2017,2,0.01,0,0.01,0.0,0,N/A
Sweden,07/29/2017,2,0.0,0,0.0,0.0,0,N/A
Sweden,07/31/2017,3,0.07,0,0.07,0.02,0,N/A
Sweden,08/02/2017,1,0.0,0,0.0,0.0,0,N/A
Sweden,08/04/2017,1,0.0,0,0.0,0.0,0,N/A
Sweden,08/05/2017,2,0.0,0,0.0,0.0,0,N/A
Sweden,08/06/2017,0,0.73,0,0.73,N/A,0,N/A
Sweden,08/07/2017,1,0.0,0,0.0,0.0,0,N/A
Sweden,08/08/2017,0,1.35,0,1.35,N/A,0,N/A
Sweden,08/11/2017,2,0.07,0,0.07,0.03,0,N/A
Sweden,08/13/2017,1,0.0,0,0.0,0.0,0,N/A
Sweden,08/16/2017,1,0.0,0,0.0,0.0,0,N/A
Sweden,08/17/2017,1,0.0,0,0.0,0.0,0,N/A
Sweden,08/18/2017,1,0.0,0,0.0,0.0,0,N/A
Sweden,08/21/2017,1,0.07,0,0.07,0.07,0,N/A
Sweden,08/25/2017,1,0.0,0,0.0,0.0,0,N/A
Sweden,08/28/2017,1,0.0,0,0.0,0.0,0,N/A
Sweden,08/31/2017,1,0.0,0,0.0,0.0,0,N/A
Sweden,09/06/2017,1,0.07,0,0.07,0.07,0,N/A
Sweden,09/07/2017,1,0.04,0,0.04,0.04,0,N/A
Sweden,09/11/2017,1,0.0,0,0.0,0.0,0,N/A
Sweden,09/12/2017,1,0.0,0,0.0,0.0,0,N/A
Sweden,09/16/2017,1,0.0,0,0.0,0.0,0,N/A
Sweden,09/21/2017,1,0.0,0,0.0,0.0,0,N/A
Sweden,09/24/2017,3,0.0,0,0.0,0.0,0,N/A
Sweden,09/25/2017,0,0.16,0,0.16,N/A,0,N/A
Sweden,09/28/2017,1,0.08,0,0.08,0.08,0,N/A
Sweden,09/29/2017,0,1.16,0,1.16,N/A,0,N/A
Sweden,10/03/2017,0,0.16,0,0.16,N/A,0,N/A
Sweden,10/14/2017,0,1.94,0,1.94,N/A,0,N/A
Sweden,11/03/2017,1,0.0,0,0.0,0.0,0,N/A
Sweden,11/04/2017,2,0.0,0,0.0,0.0,0,N/A
Sweden,11/13/2017,1,0.0,0,0.0,0.0,0,N/A
Sweden,11/18/2017,1,0.0,0,0.0,0.0,0,N/A
Sweden,11/20/2017,1,1.33,0,1.33,1.33,0,N/A
Sweden,11/24/2017,0,1.19,0,1.19,N/A,0,N/A
Sweden,12/28/2017,1,0.0,0,0.0,0.0,0,N/A
Sweden,12/31/2017,1,0.84,0,0.84,0.84,0,N/A
Sweden,01/01/2018,1,0.0,0,0.0,0.0,0,N/A
Sweden,01/05/2018,1,0.0,0,0.0,0.0,0,N/A
Sweden,01/07/2018,1,0.0,0,0.0,0.0,0,N/A
Sweden,01/11/2018,1,0.0,0,0.0,0.0,0,N/A
Sweden,01/14/2018,2,0.0,0,0.0,0.0,0,N/A
Sweden,01/15/2018,1,0.0,0,0.0,0.0,0,N/A
Sweden,01/17/2018,1,0.57,0,0.57,0.57,0,N/A
Sweden,01/21/2018,2,0.02,0,0.02,0.01,0,N/A
Sweden,01/23/2018,1,0.0,0,0.0,0.0,0,N/A
Sweden,01/24/2018,1,0.0,0,0.0,0.0,0,N/A
Sweden,01/25/2018,0,0.07,0,0.07,N/A,0,N/A
Sweden,01/26/2018,0,0.02,0,0.02,N/A,0,N/A
Sweden,01/27/2018,1,0.0,0,0.0,0.0,0,N/A
Sweden,01/28/2018,1,0.0,0,0.0,0.0,0,N/A
Sweden,01/30/2018,0,0.03,0,0.03,N/A,0,N/A
Sweden,01/31/2018,1,0.01,0,0.01,0.01,0,N/A
Sweden,02/01/2018,1,0.0,0,0.0,0.0,0,N/A
Sweden,02/02/2018,2,0.0,0,0.0,0.0,0,N/A
Sweden,02/04/2018,0,0.16,0,0.16,N/A,0,N/A
Sweden,02/08/2018,1,0.23,0,0.23,0.23,0,N/A
Sweden,02/12/2018,0,0.06,0,0.06,N/A,0,N/A
Sweden,02/22/2018,1,0.0,0,0.0,0.0,0,N/A
Sweden,02/23/2018,1,0.0,0,0.0,0.0,0,N/A
Sweden,03/03/2018,0,0.03,0,0.03,N/A,0,N/A
Sweden,03/07/2018,1,0.0,0,0.0,0.0,0,N/A
Sweden,03/08/2018,1,0.0,0,0.0,0.0,0,N/A
Sweden,03/09/2018,1,0,0,0,0.0,0,N/A
Sweden,03/17/2018,1,0.0,0,0.0,0.0,0,N/A
Sweden,03/18/2018,1,0.0,0,0.0,0.0,0,N/A
Sweden,03/19/2018,1,0.25,0,0.25,0.25,0,N/A
Sweden,03/21/2018,2,0.51,0,0.51,0.25,0,N/A
Sweden,03/23/2018,1,0.03,0,0.03,0.03,0,N/A
Sweden,03/25/2018,0,0.11,0,0.11,N/A,0,N/A
Sweden,03/30/2018,2,0.02,0,0.02,0.01,0,N/A
Sweden,03/31/2018,1,0.0,0,0.0,0.0,0,N/A
Sweden,04/01/2018,0,0.03,0,0.03,N/A,0,N/A
Sweden,04/02/2018,3,0.01,0,0.01,0.0,0,N/A
Sweden,04/05/2018,1,0.0,0,0.0,0.0,0,N/A
Sweden,04/08/2018,3,0.1,0,0.1,0.03,0,N/A
Sweden,04/09/2018,2,0.28,0,0.28,0.14,0,N/A
Sweden,04/10/2018,1,0.0,0,0.0,0.0,0,N/A
Sweden,04/11/2018,2,0.01,0,0.01,0.0,0,N/A
Sweden,04/12/2018,1,0.0,0,0.0,0.0,0,N/A
Sweden,04/13/2018,2,0.0,0,0.0,0.0,0,N/A
Sweden,04/14/2018,2,0.0,0,0.0,0.0,0,N/A
Sweden,04/15/2018,2,0.0,0,0.0,0.0,0,N/A
Sweden,04/18/2018,1,0.0,0,0.0,0.0,0,N/A
Sweden,04/19/2018,2,0.84,0,0.84,0.42,0,N/A
Sweden,04/20/2018,0,0.89,0,0.89,N/A,0,N/A
Sudan,03/30/2017,1,0.0,0,0.0,0.0,0,N/A
Dominican Republic,07/04/2017,1,0.0,0,0.0,0.0,0,N/A
Dominican Republic,11/04/2017,1,0.0,0,0.0,0.0,0,N/A
Dominican Republic,11/11/2017,1,0.02,0,0.02,0.02,0,N/A
Denmark,05/05/2015,1,0.55,0,0.55,0.55,0,N/A
Denmark,06/12/2015,1,0.55,0,0.55,0.55,0,N/A
Denmark,05/07/2016,1,0.55,0,0.55,0.55,0,N/A
Denmark,11/24/2016,1,0,0,0,0.0,0,N/A
Denmark,12/15/2016,1,0.0,0,0.0,0.0,0,N/A
Denmark,02/06/2017,1,0,0,0,0.0,0,N/A
Denmark,02/09/2017,1,0,0,0,0.0,0,N/A
Denmark,02/11/2017,1,0.0,0,0.0,0.0,0,N/A
Denmark,02/14/2017,1,0,0,0,0.0,0,N/A
Denmark,02/15/2017,1,0,0,0,0.0,0,N/A
Denmark,02/16/2017,1,0,0,0,0.0,0,N/A
Denmark,02/27/2017,1,0.0,0,0.0,0.0,0,N/A
Denmark,03/03/2017,1,0.0,0,0.0,0.0,0,N/A
Denmark,03/31/2017,1,0.0,0,0.0,0.0,0,N/A
Denmark,04/02/2017,1,0.0,0,0.0,0.0,0,N/A
Denmark,04/13/2017,1,0.0,0,0.0,0.0,0,N/A
Denmark,04/21/2017,0,0.08,0,0.08,N/A,0,N/A
Denmark,04/26/2017,1,0.0,0,0.0,0.0,0,N/A
Denmark,05/02/2017,1,0.0,0,0.0,0.0,0,N/A
Denmark,05/06/2017,0,0.05,0,0.05,N/A,0,N/A
Denmark,05/12/2017,1,0.0,0,0.0,0.0,0,N/A
Denmark,05/15/2017,2,0.0,0,0.0,0.0,0,N/A
Denmark,05/16/2017,1,0.0,0,0.0,0.0,0,N/A
Denmark,05/18/2017,1,0.21,0,0.21,0.21,0,N/A
Denmark,05/21/2017,1,0.0,0,0.0,0.0,0,N/A
Denmark,05/25/2017,0,0.04,0,0.04,N/A,0,N/A
Denmark,05/26/2017,1,0.0,0,0.0,0.0,0,N/A
Denmark,05/27/2017,0,0.04,0,0.04,N/A,0,N/A
Denmark,06/04/2017,1,0,0,0,0.0,0,N/A
Denmark,06/10/2017,1,0.0,0,0.0,0.0,0,N/A
Denmark,06/27/2017,0,0.05,0,0.05,N/A,0,N/A
Denmark,06/29/2017,1,0.0,0,0.0,0.0,0,N/A
Denmark,06/30/2017,1,0.0,0,0.0,0.0,0,N/A
Denmark,07/02/2017,1,0.0,0,0.0,0.0,0,N/A
Denmark,07/04/2017,1,0.0,0,0.0,0.0,0,N/A
Denmark,07/10/2017,1,0.0,0,0.0,0.0,0,N/A
Denmark,07/17/2017,1,0.0,0,0.0,0.0,0,N/A
Denmark,08/01/2017,1,0.0,0,0.0,0.0,0,N/A
Denmark,08/19/2017,1,0.0,0,0.0,0.0,0,N/A
Denmark,11/09/2017,1,0.0,0,0.0,0.0,0,N/A
Denmark,11/12/2017,1,0,0,0,0.0,0,N/A
Denmark,12/02/2017,0,0.04,0,0.04,N/A,0,N/A
Denmark,01/14/2018,1,0.0,0,0.0,0.0,0,N/A
Denmark,02/08/2018,1,0.0,0,0.0,0.0,0,N/A
Denmark,03/20/2018,1,0.0,0,0.0,0.0,0,N/A
Germany,04/26/2015,1,0.58,0,0.58,0.58,0,N/A
Germany,04/29/2015,1,0,0,0,0.0,0,N/A
Germany,05/01/2015,1,0.58,0,0.58,0.58,0,N/A
Germany,06/02/2015,1,0.99,0,0.99,0.99,0,N/A
Germany,06/03/2015,0,0.58,0,0.58,N/A,0,N/A
Germany,06/04/2015,1,0.58,0,0.58,0.58,0,N/A
Germany,07/04/2015,1,0,0,0,0.0,0,N/A
Germany,08/08/2015,1,0.58,0,0.58,0.58,0,N/A
Germany,08/10/2015,1,0.58,0,0.58,0.58,0,N/A
Germany,11/13/2015,1,0.58,0,0.58,0.58,0,N/A
Germany,01/04/2016,1,0.58,0,0.58,0.58,0,N/A
Germany,05/06/2016,1,0.58,0,0.58,0.58,0,N/A
Germany,06/05/2016,1,0,0,0,0.0,0,N/A
Germany,06/12/2016,1,0.58,0,0.58,0.58,0,N/A
Germany,06/23/2016,1,0.58,0,0.58,0.58,0,N/A
Germany,06/25/2016,1,0.58,0,0.58,0.58,0,N/A
Germany,07/01/2016,1,0.58,0,0.58,0.58,0,N/A
Germany,08/07/2016,1,0.58,0,0.58,0.58,0,N/A
Germany,08/25/2016,1,0.58,0,0.58,0.58,0,N/A
Germany,08/29/2016,1,0.53,0,0.53,0.53,0,N/A
Germany,09/05/2016,1,0.58,0,0.58,0.58,0,N/A
Germany,11/16/2016,1,0,0,0,0.0,0,N/A
Germany,11/21/2016,1,0,0,0,0.0,0,N/A
Germany,12/03/2016,2,0,0,0,0.0,0,N/A
Germany,12/05/2016,1,0,0,0,0.0,0,N/A
Germany,12/13/2016,1,0,0,0,0.0,0,N/A
Germany,12/15/2016,1,0,0,0,0.0,0,N/A
Germany,12/17/2016,1,0.0,0,0.0,0.0,0,N/A
Germany,12/31/2016,1,0,0,0,0.0,0,N/A
Germany,01/19/2017,1,0.0,0,0.0,0.0,0,N/A
Germany,01/28/2017,1,0.0,0,0.0,0.0,0,N/A
Germany,02/01/2017,1,0.0,0,0.0,0.0,0,N/A
Germany,02/03/2017,1,0.0,0,0.0,0.0,0,N/A
Germany,02/08/2017,1,0.0,0,0.0,0.0,0,N/A
Germany,02/15/2017,1,0.0,0,0.0,0.0,0,N/A
Germany,02/16/2017,1,0.0,0,0.0,0.0,0,N/A
Germany,02/17/2017,1,0.0,0,0.0,0.0,0,N/A
Germany,02/25/2017,1,0.0,0,0.0,0.0,0,N/A
Germany,02/26/2017,1,0.0,0,0.0,0.0,0,N/A
Germany,02/28/2017,1,0.07,0,0.07,0.07,0,N/A
Germany,03/06/2017,1,0.0,0,0.0,0.0,0,N/A
Germany,03/12/2017,2,0.35,0,0.35,0.17,0,N/A
Germany,03/13/2017,2,0.0,0,0.0,0.0,0,N/A
Germany,03/14/2017,2,0.58,0,0.58,0.29,0,N/A
Germany,03/17/2017,2,0.04,0,0.04,0.02,0,N/A
Germany,03/18/2017,0,0.02,0,0.02,N/A,0,N/A
Germany,03/19/2017,1,0.07,0,0.07,0.07,0,N/A
Germany,03/20/2017,1,0.01,0,0.01,0.01,0,N/A
Germany,03/21/2017,1,0.0,0,0.0,0.0,0,N/A
Germany,03/22/2017,0,0.02,0,0.02,N/A,0,N/A
Germany,03/25/2017,1,0.0,0,0.0,0.0,0,N/A
Germany,03/26/2017,3,0.0,0,0.0,0.0,0,N/A
Germany,03/27/2017,2,0.53,0,0.53,0.27,0,N/A
Germany,03/30/2017,2,0.0,0,0.0,0.0,0,N/A
Germany,03/31/2017,0,0.05,0,0.05,N/A,0,N/A
Germany,04/01/2017,2,0.0,0,0.0,0.0,0,N/A
Germany,04/02/2017,2,0.2,0,0.2,0.1,0,N/A
Germany,04/03/2017,1,0.0,0,0.0,0.0,0,N/A
Germany,04/08/2017,1,0.0,0,0.0,0.0,0,N/A
Germany,04/09/2017,3,0.02,0,0.02,0.01,0,N/A
Germany,04/10/2017,2,0.0,0,0.0,0.0,0,N/A
Germany,04/11/2017,1,0.0,0,0.0,0.0,0,N/A
Germany,04/16/2017,1,0.0,0,0.0,0.0,0,N/A
Germany,04/19/2017,1,0.0,0,0.0,0.0,0,N/A
Germany,04/20/2017,1,0.0,0,0.0,0.0,0,N/A
Germany,04/22/2017,2,0.0,0,0.0,0.0,0,N/A
Germany,04/24/2017,1,0.0,0,0.0,0.0,0,N/A
Germany,04/25/2017,1,0,0,0,0.0,0,N/A
Germany,04/27/2017,1,0.06,0,0.06,0.06,0,N/A
Germany,04/30/2017,4,0.12,0,0.12,0.03,0,N/A
Germany,05/03/2017,1,0.0,0,0.0,0.0,0,N/A
Germany,05/05/2017,1,0.0,0,0.0,0.0,0,N/A
Germany,05/07/2017,2,0.0,0,0.0,0.0,0,N/A
Germany,05/09/2017,1,0.09,0,0.09,0.09,0,N/A
Germany,05/11/2017,1,0.0,0,0.0,0.0,0,N/A
Germany,05/12/2017,1,0.0,0,0.0,0.0,0,N/A
Germany,05/13/2017,1,0.0,0,0.0,0.0,0,N/A
Germany,05/14/2017,2,0.08,0,0.08,0.04,0,N/A
Germany,05/17/2017,5,0.0,0,0.0,0.0,0,N/A
Germany,05/18/2017,0,0.01,0,0.01,N/A,0,N/A
Germany,05/19/2017,1,0.0,0,0.0,0.0,0,N/A
Germany,05/20/2017,1,0.0,0,0.0,0.0,0,N/A
Germany,05/22/2017,1,0.0,0,0.0,0.0,0,N/A
Germany,05/23/2017,2,0.0,0,0.0,0.0,0,N/A
Germany,05/24/2017,1,0.0,0,0.0,0.0,0,N/A
Germany,05/25/2017,3,0.17,0,0.17,0.06,0,N/A
Germany,05/26/2017,4,0.12,0,0.12,0.03,0,N/A
Germany,05/27/2017,4,0.02,0,0.02,0.0,0,N/A
Germany,05/28/2017,4,0.0,0,0.0,0.0,0,N/A
Germany,05/29/2017,5,0.0,0,0.0,0.0,0,N/A
Germany,05/30/2017,0,0.08,0,0.08,N/A,0,N/A
Germany,05/31/2017,2,0.01,0,0.01,0.0,0,N/A
Germany,06/01/2017,1,0.0,0,0.0,0.0,0,N/A
Germany,06/02/2017,2,0.0,0,0.0,0.0,0,N/A
Germany,06/03/2017,1,0.02,0,0.02,0.02,0,N/A
Germany,06/04/2017,1,0,0,0,0.0,0,N/A
Germany,06/05/2017,1,0,0,0,0.0,0,N/A
Germany,06/07/2017,1,0.08,0,0.08,0.08,0,N/A
Germany,06/09/2017,1,0.0,0,0.0,0.0,0,N/A
Germany,06/11/2017,11,0.0,0,0.0,0.0,0,N/A
Germany,06/12/2017,9,0.0,0,0.0,0.0,0,N/A
Germany,06/13/2017,3,0.0,0,0.0,0.0,0,N/A
Germany,06/14/2017,1,0.05,0,0.05,0.05,0,N/A
Germany,06/15/2017,3,0.08,0,0.08,0.03,0,N/A
Germany,06/18/2017,5,0.2,0,0.2,0.04,0,N/A
Germany,06/19/2017,4,0.0,0,0.0,0.0,0,N/A
Germany,06/20/2017,2,0.01,0,0.01,0.0,0,N/A
Germany,06/21/2017,6,0.0,0,0.0,0.0,0,N/A
Germany,06/22/2017,1,0.0,0,0.0,0.0,0,N/A
Germany,06/23/2017,3,0.01,0,0.01,0.0,0,N/A
Germany,06/25/2017,3,0.0,0,0.0,0.0,0,N/A
Germany,06/26/2017,3,0.0,0,0.0,0.0,0,N/A
Germany,06/27/2017,2,0.53,0,0.53,0.27,0,N/A
Germany,06/28/2017,2,0.0,0,0.0,0.0,0,N/A
Germany,06/29/2017,2,0.0,0,0.0,0.0,0,N/A
Germany,06/30/2017,1,0.0,0,0.0,0.0,0,N/A
Germany,07/02/2017,2,0.0,0,0.0,0.0,0,N/A
Germany,07/03/2017,1,0.0,0,0.0,0.0,0,N/A
Germany,07/04/2017,2,0.0,0,0.0,0.0,0,N/A
Germany,07/05/2017,2,0.0,0,0.0,0.0,0,N/A
Germany,07/06/2017,2,0.0,0,0.0,0.0,0,N/A
Germany,07/07/2017,1,0.0,0,0.0,0.0,0,N/A
Germany,07/08/2017,1,0.0,0,0.0,0.0,0,N/A
Germany,07/11/2017,1,0.0,0,0.0,0.0,0,N/A
Germany,07/16/2017,2,0.0,0,0.0,0.0,0,N/A
Germany,07/17/2017,1,0.0,0,0.0,0.0,0,N/A
Germany,07/18/2017,1,0.0,0,0.0,0.0,0,N/A
Germany,07/20/2017,1,0.0,0,0.0,0.0,0,N/A
Germany,07/21/2017,1,0.0,0,0.0,0.0,0,N/A
Germany,07/22/2017,1,0.0,0,0.0,0.0,0,N/A
Germany,07/23/2017,1,0.0,0,0.0,0.0,0,N/A
Germany,07/25/2017,2,0.0,0,0.0,0.0,0,N/A
Germany,07/28/2017,1,0.0,0,0.0,0.0,0,N/A
Germany,07/30/2017,1,0.21,0,0.21,0.21,0,N/A
Germany,07/31/2017,2,0.0,0,0.0,0.0,0,N/A
Germany,08/04/2017,1,0.0,0,0.0,0.0,0,N/A
Germany,08/05/2017,1,0.13,0,0.13,0.13,0,N/A
Germany,08/06/2017,1,0.0,0,0.0,0.0,0,N/A
Germany,08/10/2017,1,0.0,0,0.0,0.0,0,N/A
Germany,08/22/2017,1,0.0,0,0.0,0.0,0,N/A
Germany,08/26/2017,1,0.0,0,0.0,0.0,0,N/A
Germany,08/27/2017,1,0.0,0,0.0,0.0,0,N/A
Germany,08/28/2017,1,0.0,0,0.0,0.0,0,N/A
Germany,08/29/2017,1,0.0,0,0.0,0.0,0,N/A
Germany,08/30/2017,1,0.0,0,0.0,0.0,0,N/A
Germany,09/03/2017,2,0.0,0,0.0,0.0,0,N/A
Germany,09/05/2017,1,0.07,0,0.07,0.07,0,N/A
Germany,09/07/2017,1,0.0,0,0.0,0.0,0,N/A
Germany,09/14/2017,1,0.0,0,0.0,0.0,0,N/A
Germany,10/02/2017,1,0.0,0,0.0,0.0,0,N/A
Germany,10/08/2017,1,0.0,0,0.0,0.0,0,N/A
Germany,11/06/2017,1,0,0,0,0.0,0,N/A
Germany,11/11/2017,1,0.0,0,0.0,0.0,0,N/A
Germany,11/18/2017,1,0.0,0,0.0,0.0,0,N/A
Germany,11/19/2017,1,0.0,0,0.0,0.0,0,N/A
Germany,11/27/2017,1,0.0,0,0.0,0.0,0,N/A
Germany,12/09/2017,1,0.0,0,0.0,0.0,0,N/A
Germany,12/10/2017,1,0.0,0,0.0,0.0,0,N/A
Germany,12/21/2017,2,0.0,0,0.0,0.0,0,N/A
Germany,12/23/2017,1,0.0,0,0.0,0.0,0,N/A
Germany,12/29/2017,1,0.0,0,0.0,0.0,0,N/A
Germany,01/02/2018,1,0.0,0,0.0,0.0,0,N/A
Germany,01/04/2018,1,0.0,0,0.0,0.0,0,N/A
Germany,01/06/2018,2,0.0,0,0.0,0.0,0,N/A
Germany,01/07/2018,1,0,0,0,0.0,0,N/A
Germany,01/09/2018,1,0.0,0,0.0,0.0,0,N/A
Germany,01/13/2018,1,0.0,0,0.0,0.0,0,N/A
Germany,01/14/2018,1,0.0,0,0.0,0.0,0,N/A
Germany,01/17/2018,1,0.0,0,0.0,0.0,0,N/A
Germany,01/20/2018,2,0.0,0,0.0,0.0,0,N/A
Germany,01/26/2018,2,0.0,0,0.0,0.0,0,N/A
Germany,01/27/2018,2,0.0,0,0.0,0.0,0,N/A
Germany,02/04/2018,1,0.0,0,0.0,0.0,0,N/A
Germany,02/08/2018,1,0.0,0,0.0,0.0,0,N/A
Germany,02/09/2018,1,0.0,0,0.0,0.0,0,N/A
Germany,02/10/2018,1,0,0,0,0.0,0,N/A
Germany,02/11/2018,1,0.0,0,0.0,0.0,0,N/A
Germany,02/12/2018,3,0.0,0,0.0,0.0,0,N/A
Germany,02/14/2018,1,0.0,0,0.0,0.0,0,N/A
Germany,02/15/2018,1,0.0,0,0.0,0.0,0,N/A
Germany,02/16/2018,1,0.0,0,0.0,0.0,0,N/A
Germany,02/19/2018,2,0.0,0,0.0,0.0,0,N/A
Germany,02/23/2018,1,0.0,0,0.0,0.0,0,N/A
Germany,03/02/2018,1,0.0,0,0.0,0.0,0,N/A
Germany,03/04/2018,1,0.0,0,0.0,0.0,0,N/A
Germany,03/06/2018,1,0.0,0,0.0,0.0,0,N/A
Germany,03/12/2018,1,0.0,0,0.0,0.0,0,N/A
Germany,03/19/2018,1,0.0,0,0.0,0.0,0,N/A
Germany,03/20/2018,1,0.0,0,0.0,0.0,0,N/A
Germany,03/25/2018,1,0.0,0,0.0,0.0,0,N/A
Germany,03/29/2018,1,0.0,0,0.0,0.0,0,N/A
Germany,03/30/2018,1,0.18,0,0.18,0.18,0,N/A
Germany,04/01/2018,1,0.0,0,0.0,0.0,0,N/A
Germany,04/04/2018,1,0.0,0,0.0,0.0,0,N/A
Germany,04/06/2018,1,0.0,0,0.0,0.0,0,N/A
Germany,04/07/2018,1,0.0,0,0.0,0.0,0,N/A
Germany,04/08/2018,1,0.0,0,0.0,0.0,0,N/A
Germany,04/09/2018,9,0.08,0,0.08,0.01,0,N/A
Germany,04/10/2018,0,0.2,0,0.2,N/A,0,N/A
Germany,04/12/2018,1,0.0,0,0.0,0.0,0,N/A
Germany,04/13/2018,1,0.01,0,0.01,0.01,0,N/A
Germany,04/14/2018,0,0.05,0,0.05,N/A,0,N/A
Germany,04/15/2018,2,0.13,0,0.13,0.06,0,N/A
Germany,04/17/2018,2,0.0,0,0.0,0.0,0,N/A
Germany,04/18/2018,1,0.0,0,0.0,0.0,0,N/A
Germany,04/20/2018,0,0.89,0,0.89,N/A,0,N/A
Algeria,11/13/2016,1,0,0,0,0.0,0,N/A
Algeria,12/10/2016,1,0,0,0,0.0,0,N/A
Algeria,12/12/2016,1,0.0,0,0.0,0.0,0,N/A
Algeria,01/28/2017,1,0,0,0,0.0,0,N/A
Algeria,03/23/2017,1,0.0,0,0.0,0.0,0,N/A
Algeria,03/24/2017,1,0.0,0,0.0,0.0,0,N/A
Algeria,05/06/2017,1,0,0,0,0.0,0,N/A
Algeria,05/08/2017,1,0.0,0,0.0,0.0,0,N/A
Algeria,05/22/2017,1,0.0,0,0.0,0.0,0,N/A
Algeria,06/16/2017,1,0.0,0,0.0,0.0,0,N/A
Algeria,06/28/2017,1,0.0,0,0.0,0.0,0,N/A
Algeria,07/21/2017,1,0.0,0,0.0,0.0,0,N/A
Algeria,07/26/2017,1,0.0,0,0.0,0.0,0,N/A
Algeria,08/02/2017,1,0.0,0,0.0,0.0,0,N/A
Algeria,08/09/2017,1,0.0,0,0.0,0.0,0,N/A
Algeria,08/29/2017,1,0,0,0,0.0,0,N/A
Algeria,09/13/2017,1,0.0,0,0.0,0.0,0,N/A
Algeria,10/11/2017,1,0.0,0,0.0,0.0,0,N/A
Algeria,12/31/2017,1,0,0,0,0.0,0,N/A
Algeria,01/20/2018,1,0.0,0,0.0,0.0,0,N/A
Algeria,03/31/2018,1,0.0,0,0.0,0.0,0,N/A
Algeria,04/01/2018,0,0.01,0,0.01,N/A,0,N/A
United States,10/19/2014,1,0,0,0,0.0,0,N/A
United States,10/20/2014,1,0.79,0,0.79,0.79,0,N/A
United States,01/14/2015,1,0.8,0,0.8,0.8,0,N/A
United States,03/04/2015,1,0,0,0,0.0,0,N/A
United States,04/18/2015,1,0.87,0,0.87,0.87,0,N/A
United States,04/22/2015,1,0.88,0,0.88,0.88,0,N/A
United States,04/29/2015,1,0,0,0,0.0,0,N/A
United States,05/01/2015,1,0,0,0,0.0,0,N/A
United States,05/02/2015,1,0.83,0,0.83,0.83,0,N/A
United States,05/04/2015,1,0.84,0,0.84,0.84,0,N/A
United States,05/07/2015,1,0,0,0,0.0,0,N/A
United States,05/20/2015,1,0.88,0,0.88,0.88,0,N/A
United States,05/29/2015,1,0.88,0,0.88,0.88,0,N/A
United States,06/02/2015,1,0,0,0,0.0,0,N/A
United States,06/03/2015,0,0.84,0,0.84,N/A,0,N/A
United States,06/15/2015,2,1.74,0,1.74,0.87,0,N/A
United States,06/20/2015,2,0.83,0,0.83,0.41,0,N/A
United States,06/21/2015,0,0.83,0,0.83,N/A,0,N/A
United States,07/03/2015,0,0.85,0,0.85,N/A,0,N/A
United States,07/04/2015,1,0.63,0,0.63,0.63,0,N/A
United States,07/07/2015,1,0.86,0,0.86,0.86,0,N/A
United States,07/18/2015,1,0.63,0,0.63,0.63,0,N/A
United States,07/21/2015,1,0.86,0,0.86,0.86,0,N/A
United States,07/28/2015,1,0.85,0,0.85,0.85,0,N/A
United States,07/29/2015,4,3.21,0,3.21,0.8,0,N/A
United States,07/31/2015,1,0.63,0,0.63,0.63,0,N/A
United States,08/02/2015,1,1.5,0,1.5,1.5,0,N/A
United States,10/02/2015,1,0,0,0,0.0,0,N/A
United States,10/03/2015,0,0.84,0,0.84,N/A,0,N/A
United States,10/24/2015,1,0.86,0,0.86,0.86,0,N/A
United States,11/09/2015,0,0.87,0,0.87,N/A,0,N/A
United States,11/18/2015,1,0,0,0,0.0,0,N/A
United States,11/19/2015,0,0.88,0,0.88,N/A,0,N/A
United States,12/10/2015,1,0.66,0,0.66,0.66,0,N/A
United States,01/12/2016,1,0.86,0,0.86,0.86,0,N/A
United States,02/02/2016,1,0.64,0,0.64,0.64,0,N/A
United States,02/10/2016,1,0.64,0,0.64,0.64,0,N/A
United States,02/19/2016,1,0.64,0,0.64,0.64,0,N/A
United States,02/20/2016,1,0.64,0,0.64,0.64,0,N/A
United States,03/03/2016,1,0.64,0,0.64,0.64,0,N/A
United States,03/15/2016,1,0.64,0,0.64,0.64,0,N/A
United States,03/23/2016,1,0.64,0,0.64,0.64,0,N/A
United States,03/29/2016,0,0.84,0,0.84,N/A,0,N/A
United States,04/01/2016,1,0.61,0,0.61,0.61,0,N/A
United States,04/23/2016,1,0.61,0,0.61,0.61,0,N/A
United States,05/06/2016,1,0.61,0,0.61,0.61,0,N/A
United States,05/10/2016,1,0.83,0,0.83,0.83,0,N/A
United States,05/31/2016,1,0.61,0,0.61,0.61,0,N/A
United States,06/01/2016,1,0.63,0,0.63,0.63,0,N/A
United States,06/03/2016,1,0.63,0,0.63,0.63,0,N/A
United States,06/05/2016,1,0.63,0,0.63,0.63,0,N/A
United States,06/12/2016,1,0,0,0,0.0,0,N/A
United States,06/18/2016,1,0.84,0,0.84,0.84,0,N/A
United States,06/20/2016,1,0.63,0,0.63,0.63,0,N/A
United States,06/24/2016,2,1.26,0,1.26,0.63,0,N/A
United States,06/26/2016,1,0.63,0,0.63,0.63,0,N/A
United States,07/02/2016,1,0.84,0,0.84,0.84,0,N/A
United States,07/10/2016,1,0,0,0,0.0,0,N/A
United States,07/12/2016,1,0.63,0,0.63,0.63,0,N/A
United States,07/13/2016,1,0.85,0,0.85,0.85,0,N/A
United States,07/16/2016,1,0.85,0,0.85,0.85,0,N/A
United States,07/17/2016,1,0.63,0,0.63,0.63,0,N/A
United States,07/21/2016,1,0.85,0,0.85,0.85,0,N/A
United States,07/23/2016,1,0.63,0,0.63,0.63,0,N/A
United States,07/28/2016,1,0.63,0,0.63,0.63,0,N/A
United States,07/30/2016,1,0.84,0,0.84,0.84,0,N/A
United States,09/10/2016,0,0.83,0,0.83,N/A,0,N/A
United States,09/24/2016,1,0.63,0,0.63,0.63,0,N/A
United States,09/25/2016,1,0.63,0,0.63,0.63,0,N/A
United States,10/23/2016,1,0.63,0,0.63,0.63,0,N/A
United States,11/13/2016,2,0,0,0,0.0,0,N/A
United States,11/18/2016,1,0,0,0,0.0,0,N/A
United States,11/19/2016,1,0.88,0,0.88,0.88,0,N/A
United States,11/20/2016,1,0,0,0,0.0,0,N/A
United States,11/22/2016,1,0,0,0,0.0,0,N/A
United States,11/24/2016,1,0,0,0,0.0,0,N/A
United States,12/02/2016,1,0.0,0,0.0,0.0,0,N/A
United States,12/05/2016,1,0.66,0,0.66,0.66,0,N/A
United States,12/06/2016,1,0,0,0,0.0,0,N/A
United States,12/11/2016,1,0,0,0,0.0,0,N/A
United States,12/12/2016,1,0,0,0,0.0,0,N/A
United States,12/13/2016,1,0,0,0,0.0,0,N/A
United States,12/14/2016,1,0,0,0,0.0,0,N/A
United States,12/17/2016,2,0.03,0,0.03,0.01,0,N/A
United States,12/18/2016,5,0.68,0,0.68,0.14,0,N/A
United States,12/19/2016,1,0,0,0,0.0,0,N/A
United States,12/20/2016,0,0.05,0,0.05,N/A,0,N/A
United States,12/21/2016,4,0.0,0,0.0,0.0,0,N/A
United States,12/22/2016,3,0.01,0,0.01,0.0,0,N/A
United States,12/23/2016,1,0,0,0,0.0,0,N/A
United States,12/24/2016,1,0.07,0,0.07,0.07,0,N/A
United States,12/25/2016,1,0,0,0,0.0,0,N/A
United States,12/26/2016,1,0.07,0,0.07,0.07,0,N/A
United States,12/28/2016,2,1.32,0,1.32,0.66,0,N/A
United States,12/29/2016,2,0,0,0,0.0,0,N/A
United States,12/31/2016,1,0,0,0,0.0,0,N/A
United States,01/01/2017,1,0.0,0,0.0,0.0,0,N/A
United States,01/03/2017,4,0.4,0,0.4,0.1,0,N/A
United States,01/04/2017,1,0.0,0,0.0,0.0,0,N/A
United States,01/05/2017,1,0.0,0,0.0,0.0,0,N/A
United States,01/06/2017,3,0,0,0,0.0,0,N/A
United States,01/07/2017,1,0.0,0,0.0,0.0,0,N/A
United States,01/08/2017,1,0.0,0,0.0,0.0,0,N/A
United States,01/12/2017,3,0.0,0,0.0,0.0,0,N/A
United States,01/13/2017,1,0.0,0,0.0,0.0,0,N/A
United States,01/14/2017,3,0.0,0,0.0,0.0,0,N/A
United States,01/15/2017,3,0.0,0,0.0,0.0,0,N/A
United States,01/16/2017,5,0.06,0,0.06,0.01,0,N/A
United States,01/18/2017,2,0.0,0,0.0,0.0,0,N/A
United States,01/19/2017,1,0.0,0,0.0,0.0,0,N/A
United States,01/20/2017,2,0,0,0,0.0,0,N/A
United States,01/21/2017,3,0.0,0,0.0,0.0,0,N/A
United States,01/22/2017,1,0.05,0,0.05,0.05,0,N/A
United States,01/23/2017,5,0.0,0,0.0,0.0,0,N/A
United States,01/24/2017,2,0.0,0,0.0,0.0,0,N/A
United States,01/25/2017,3,0.0,0,0.0,0.0,0,N/A
United States,01/26/2017,1,0.0,0,0.0,0.0,0,N/A
United States,01/27/2017,2,0.0,0,0.0,0.0,0,N/A
United States,01/28/2017,3,0,0,0,0.0,0,N/A
United States,01/29/2017,4,0.0,0,0.0,0.0,0,N/A
United States,01/30/2017,4,0.66,0,0.66,0.17,0,N/A
United States,01/31/2017,3,0.0,0,0.0,0.0,0,N/A
United States,02/02/2017,2,0.0,0,0.0,0.0,0,N/A
United States,02/03/2017,1,0.0,0,0.0,0.0,0,N/A
United States,02/07/2017,6,0.0,0,0.0,0.0,0,N/A
United States,02/08/2017,1,0.0,0,0.0,0.0,0,N/A
United States,02/09/2017,4,0.0,0,0.0,0.0,0,N/A
United States,02/10/2017,4,0.66,0,0.66,0.17,0,N/A
United States,02/11/2017,3,0.0,0,0.0,0.0,0,N/A
United States,02/12/2017,8,0.01,0,0.01,0.0,0,N/A
United States,02/13/2017,7,0.0,0,0.0,0.0,0,N/A
United States,02/14/2017,1,0.0,0,0.0,0.0,0,N/A
United States,02/15/2017,1,0.0,0,0.0,0.0,0,N/A
United States,02/16/2017,8,0.0,0,0.0,0.0,0,N/A
United States,02/17/2017,7,0.0,0,0.0,0.0,0,N/A
United States,02/18/2017,4,0.0,0,0.0,0.0,0,N/A
United States,02/19/2017,5,0.01,0,0.01,0.0,0,N/A
United States,02/20/2017,6,0.01,0,0.01,0.0,0,N/A
United States,02/21/2017,4,0.02,0,0.02,0.0,0,N/A
United States,02/22/2017,4,0.0,0,0.0,0.0,0,N/A
United States,02/23/2017,3,0.01,0,0.01,0.0,0,N/A
United States,02/24/2017,1,0.19,0,0.19,0.19,0,N/A
United States,02/25/2017,3,0.0,0,0.0,0.0,0,N/A
United States,02/26/2017,2,0.0,0,0.0,0.0,0,N/A
United States,02/27/2017,4,0.0,0,0.0,0.0,0,N/A
United States,02/28/2017,1,0.0,0,0.0,0.0,0,N/A
United States,03/01/2017,2,0.08,0,0.08,0.04,0,N/A
United States,03/02/2017,2,0.0,0,0.0,0.0,0,N/A
United States,03/03/2017,2,0.01,0,0.01,0.0,0,N/A
United States,03/04/2017,3,0.18,0,0.18,0.06,0,N/A
United States,03/05/2017,1,0.01,0,0.01,0.01,0,N/A
United States,03/06/2017,2,0.02,0,0.02,0.01,0,N/A
United States,03/07/2017,5,0.0,0,0.0,0.0,0,N/A
United States,03/08/2017,3,0.18,0,0.18,0.06,0,N/A
United States,03/09/2017,4,0.0,0,0.0,0.0,0,N/A
United States,03/10/2017,2,0.12,0,0.12,0.06,0,N/A
United States,03/11/2017,1,0.08,0,0.08,0.08,0,N/A
United States,03/12/2017,3,0.0,0,0.0,0.0,0,N/A
United States,03/13/2017,6,0.0,0,0.0,0.0,0,N/A
United States,03/14/2017,3,0.0,0,0.0,0.0,0,N/A
United States,03/15/2017,2,0.66,0,0.66,0.33,0,N/A
United States,03/16/2017,3,0.05,0,0.05,0.02,0,N/A
United States,03/17/2017,1,0.0,0,0.0,0.0,0,N/A
United States,03/18/2017,4,1.4,0,1.4,0.35,0,N/A
United States,03/19/2017,5,0.41,0,0.41,0.08,0,N/A
United States,03/20/2017,2,0.0,0,0.0,0.0,0,N/A
United States,03/21/2017,6,0.66,0,0.66,0.11,0,N/A
United States,03/22/2017,2,0.0,0,0.0,0.0,0,N/A
United States,03/23/2017,2,0.86,0,0.86,0.43,0,N/A
United States,03/24/2017,7,0.85,0,0.85,0.12,0,N/A
United States,03/25/2017,3,0.0,0,0.0,0.0,0,N/A
United States,03/26/2017,3,0.13,0,0.13,0.04,0,N/A
United States,03/27/2017,1,0.66,0,0.66,0.66,0,N/A
United States,03/28/2017,3,1.54,0,1.54,0.51,0,N/A
United States,03/29/2017,5,0.75,0,0.75,0.15,0,N/A
United States,03/30/2017,1,0.06,0,0.06,0.06,0,N/A
United States,03/31/2017,2,0.41,0,0.41,0.2,0,N/A
United States,04/01/2017,4,1.96,0,1.96,0.49,0,N/A
United States,04/02/2017,2,0.0,0,0.0,0.0,0,N/A
United States,04/03/2017,1,0.0,0,0.0,0.0,0,N/A
United States,04/04/2017,0,0.29,0,0.29,N/A,0,N/A
United States,04/05/2017,1,0.0,0,0.0,0.0,0,N/A
United States,04/06/2017,1,0.16,0,0.16,0.16,0,N/A
United States,04/07/2017,1,0.12,0,0.12,0.12,0,N/A
United States,04/08/2017,0,0.01,0,0.01,N/A,0,N/A
United States,04/09/2017,3,0.04,0,0.04,0.01,0,N/A
United States,04/10/2017,1,0.0,0,0.0,0.0,0,N/A
United States,04/11/2017,0,0.34,0,0.34,N/A,0,N/A
United States,04/14/2017,1,0.0,0,0.0,0.0,0,N/A
United States,04/15/2017,6,0.06,0,0.06,0.01,0,N/A
United States,04/16/2017,5,0.0,0,0.0,0.0,0,N/A
United States,04/18/2017,1,0.0,0,0.0,0.0,0,N/A
United States,04/19/2017,2,0.01,0,0.01,0.0,0,N/A
United States,04/20/2017,2,0.17,0,0.17,0.08,0,N/A
United States,04/22/2017,1,0.0,0,0.0,0.0,0,N/A
United States,04/23/2017,2,0.0,0,0.0,0.0,0,N/A
United States,04/24/2017,1,0.12,0,0.12,0.12,0,N/A
United States,04/25/2017,6,0.24,0,0.24,0.04,0,N/A
United States,04/26/2017,2,0.24,0,0.24,0.12,0,N/A
United States,04/27/2017,3,0.0,0,0.0,0.0,0,N/A
United States,04/28/2017,3,0.65,0,0.65,0.22,0,N/A
United States,04/29/2017,2,0.0,0,0.0,0.0,0,N/A
United States,04/30/2017,2,0.0,0,0.0,0.0,0,N/A
United States,05/01/2017,3,0.12,0,0.12,0.04,0,N/A
United States,05/02/2017,3,0.0,0,0.0,0.0,0,N/A
United States,05/03/2017,0,0.11,0,0.11,N/A,0,N/A
United States,05/04/2017,3,0.0,0,0.0,0.0,0,N/A
United States,05/06/2017,1,0.0,0,0.0,0.0,0,N/A
United States,05/07/2017,2,0.07,0,0.07,0.04,0,N/A
United States,05/08/2017,4,0.0,0,0.0,0.0,0,N/A
United States,05/09/2017,3,0.0,0,0.0,0.0,0,N/A
United States,05/10/2017,1,0.16,0,0.16,0.16,0,N/A
United States,05/13/2017,2,0.04,0,0.04,0.02,0,N/A
United States,05/14/2017,0,0.15,0,0.15,N/A,0,N/A
United States,05/15/2017,1,0.0,0,0.0,0.0,0,N/A
United States,05/16/2017,5,0.11,0,0.11,0.02,0,N/A
United States,05/17/2017,4,0.15,0,0.15,0.04,0,N/A
United States,05/18/2017,4,0.12,0,0.12,0.03,0,N/A
United States,05/19/2017,0,0.02,0,0.02,N/A,0,N/A
United States,05/20/2017,0,0.26,0,0.26,N/A,0,N/A
United States,05/21/2017,0,0.03,0,0.03,N/A,0,N/A
United States,05/22/2017,2,0.0,0,0.0,0.0,0,N/A
United States,05/23/2017,1,0.0,0,0.0,0.0,0,N/A
United States,05/24/2017,1,0.0,0,0.0,0.0,0,N/A
United States,05/25/2017,2,0.1,0,0.1,0.05,0,N/A
United States,05/26/2017,0,0.09,0,0.09,N/A,0,N/A
United States,05/27/2017,1,0.1,0,0.1,0.1,0,N/A
United States,05/28/2017,0,0.07,0,0.07,N/A,0,N/A
United States,05/29/2017,1,0.13,0,0.13,0.13,0,N/A
United States,05/30/2017,1,0.0,0,0.0,0.0,0,N/A
United States,05/31/2017,0,0.01,0,0.01,N/A,0,N/A
United States,06/01/2017,7,0.49,0,0.49,0.07,0,N/A
United States,06/02/2017,1,0.1,0,0.1,0.1,0,N/A
United States,06/03/2017,0,0.16,0,0.16,N/A,0,N/A
United States,06/04/2017,1,0,0,0,0.0,0,N/A
United States,06/05/2017,4,0,0,0,0.0,0,N/A
United States,06/06/2017,3,0,0,0,0.0,0,N/A
United States,06/07/2017,3,0.1,0,0.1,0.03,0,N/A
United States,06/08/2017,2,0.0,0,0.0,0.0,0,N/A
United States,06/09/2017,1,0.03,0,0.03,0.03,0,N/A
United States,06/10/2017,3,0.09,0,0.09,0.03,0,N/A
United States,06/11/2017,2,0.47,0,0.47,0.24,0,N/A
United States,06/12/2017,2,0.41,0,0.41,0.2,0,N/A
United States,06/13/2017,1,0.0,0,0.0,0.0,0,N/A
United States,06/14/2017,2,0.15,0,0.15,0.08,0,N/A
United States,06/15/2017,2,0.12,0,0.12,0.06,0,N/A
United States,06/17/2017,5,0.44,0,0.44,0.09,0,N/A
United States,06/18/2017,2,0.0,0,0.0,0.0,0,N/A
United States,06/19/2017,0,0.5,0,0.5,N/A,0,N/A
United States,06/20/2017,3,0.2,0,0.2,0.07,0,N/A
United States,06/21/2017,3,0.12,0,0.12,0.04,0,N/A
United States,06/22/2017,1,0.11,0,0.11,0.11,0,N/A
United States,06/23/2017,1,0.09,0,0.09,0.09,0,N/A
United States,06/24/2017,1,0.0,0,0.0,0.0,0,N/A
United States,06/26/2017,2,0.01,0,0.01,0.0,0,N/A
United States,06/27/2017,0,0.12,0,0.12,N/A,0,N/A
United States,06/28/2017,3,0.64,0,0.64,0.21,0,N/A
United States,06/29/2017,2,0.83,0,0.83,0.41,0,N/A
United States,06/30/2017,0,0.43,0,0.43,N/A,0,N/A
United States,07/01/2017,1,0.04,0,0.04,0.04,0,N/A
United States,07/02/2017,4,0.83,0,0.83,0.21,0,N/A
United States,07/03/2017,0,0.17,0,0.17,N/A,0,N/A
United States,07/04/2017,1,0.92,0,0.92,0.92,0,N/A
United States,07/05/2017,1,0.1,0,0.1,0.1,0,N/A
United States,07/06/2017,0,0.13,0,0.13,N/A,0,N/A
United States,07/07/2017,2,0.0,0,0.0,0.0,0,N/A
United States,07/08/2017,1,0.0,0,0.0,0.0,0,N/A
United States,07/09/2017,1,0.0,0,0.0,0.0,0,N/A
United States,07/10/2017,0,0.05,0,0.05,N/A,0,N/A
United States,07/11/2017,2,0.0,0,0.0,0.0,0,N/A
United States,07/12/2017,2,0.07,0,0.07,0.04,0,N/A
United States,07/13/2017,0,0.08,0,0.08,N/A,0,N/A
United States,07/14/2017,2,0.35,0,0.35,0.18,0,N/A
United States,07/15/2017,2,0.28,0,0.28,0.14,0,N/A
United States,07/16/2017,4,0.0,0,0.0,0.0,0,N/A
United States,07/17/2017,1,0.0,0,0.0,0.0,0,N/A
United States,07/18/2017,3,0.0,0,0.0,0.0,0,N/A
United States,07/19/2017,1,0.04,0,0.04,0.04,0,N/A
United States,07/20/2017,2,0.0,0,0.0,0.0,0,N/A
United States,07/21/2017,5,0.79,0,0.79,0.16,0,N/A
United States,07/22/2017,1,0.0,0,0.0,0.0,0,N/A
United States,07/23/2017,1,0.0,0,0.0,0.0,0,N/A
United States,07/26/2017,1,0.0,0,0.0,0.0,0,N/A
United States,07/27/2017,1,0.08,0,0.08,0.08,0,N/A
United States,07/30/2017,3,0.11,0,0.11,0.04,0,N/A
United States,07/31/2017,1,0.05,0,0.05,0.05,0,N/A
United States,08/01/2017,3,0.05,0,0.05,0.02,0,N/A
United States,08/02/2017,1,0.0,0,0.0,0.0,0,N/A
United States,08/03/2017,2,0.0,0,0.0,0.0,0,N/A
United States,08/04/2017,1,0.0,0,0.0,0.0,0,N/A
United States,08/05/2017,1,0.23,0,0.23,0.23,0,N/A
United States,08/06/2017,2,0.0,0,0.0,0.0,0,N/A
United States,08/07/2017,1,0.0,0,0.0,0.0,0,N/A
United States,08/09/2017,1,0.0,0,0.0,0.0,0,N/A
United States,08/13/2017,1,0.6,0,0.6,0.6,0,N/A
United States,08/14/2017,2,0.6,0,0.6,0.3,0,N/A
United States,08/15/2017,1,0.0,0,0.0,0.0,0,N/A
United States,08/16/2017,1,0.0,0,0.0,0.0,0,N/A
United States,08/17/2017,0,0.06,0,0.06,N/A,0,N/A
United States,08/18/2017,1,0.0,0,0.0,0.0,0,N/A
United States,08/20/2017,1,0.0,0,0.0,0.0,0,N/A
United States,08/21/2017,1,0.0,0,0.0,0.0,0,N/A
United States,08/22/2017,1,0.0,0,0.0,0.0,0,N/A
United States,08/23/2017,2,0.0,0,0.0,0.0,0,N/A
United States,08/24/2017,2,0.16,0,0.16,0.08,0,N/A
United States,08/26/2017,1,0.0,0,0.0,0.0,0,N/A
United States,08/27/2017,1,0.61,0,0.61,0.61,0,N/A
United States,08/29/2017,2,0.04,0,0.04,0.02,0,N/A
United States,08/30/2017,0,0.03,0,0.03,N/A,0,N/A
United States,08/31/2017,1,0.02,0,0.02,0.02,0,N/A
United States,09/04/2017,1,0.04,0,0.04,0.04,0,N/A
United States,09/05/2017,0,0.06,0,0.06,N/A,0,N/A
United States,09/06/2017,2,0.03,0,0.03,0.02,0,N/A
United States,09/07/2017,2,0.03,0,0.03,0.02,0,N/A
United States,09/09/2017,2,0.15,0,0.15,0.08,0,N/A
United States,09/10/2017,2,0.0,0,0.0,0.0,0,N/A
United States,09/14/2017,1,0.0,0,0.0,0.0,0,N/A
United States,09/17/2017,3,0.0,0,0.0,0.0,0,N/A
United States,09/18/2017,1,0.0,0,0.0,0.0,0,N/A
United States,09/19/2017,1,0.0,0,0.0,0.0,0,N/A
United States,09/20/2017,2,0.0,0,0.0,0.0,0,N/A
United States,09/23/2017,2,0.0,0,0.0,0.0,0,N/A
United States,09/26/2017,2,0.07,0,0.07,0.03,0,N/A
United States,09/27/2017,0,0.09,0,0.09,N/A,0,N/A
United States,09/30/2017,0,0.02,0,0.02,N/A,0,N/A
United States,10/01/2017,1,0.0,0,0.0,0.0,0,N/A
United States,10/03/2017,1,0.0,0,0.0,0.0,0,N/A
United States,10/06/2017,1,0.09,0,0.09,0.09,0,N/A
United States,10/07/2017,1,0.0,0,0.0,0.0,0,N/A
United States,10/08/2017,2,0.08,0,0.08,0.04,0,N/A
United States,10/09/2017,1,0.0,0,0.0,0.0,0,N/A
United States,10/12/2017,1,0.1,0,0.1,0.1,0,N/A
United States,10/16/2017,0,0.06,0,0.06,N/A,0,N/A
United States,10/18/2017,0,0.6,0,0.6,N/A,0,N/A
United States,10/20/2017,0,0.72,0,0.72,N/A,0,N/A
United States,10/22/2017,1,0.0,0,0.0,0.0,0,N/A
United States,10/23/2017,0,0.06,0,0.06,N/A,0,N/A
United States,10/24/2017,1,0.0,0,0.0,0.0,0,N/A
United States,10/26/2017,1,0.0,0,0.0,0.0,0,N/A
United States,10/31/2017,0,0.01,0,0.01,N/A,0,N/A
United States,11/03/2017,1,0.0,0,0.0,0.0,0,N/A
United States,11/05/2017,1,0.0,0,0.0,0.0,0,N/A
United States,11/06/2017,1,0.15,0,0.15,0.15,0,N/A
United States,11/07/2017,1,0.02,0,0.02,0.02,0,N/A
United States,11/09/2017,0,0.01,0,0.01,N/A,0,N/A
United States,11/11/2017,3,0.66,0,0.66,0.22,0,N/A
United States,11/13/2017,2,0.06,0,0.06,0.03,0,N/A
United States,11/14/2017,1,0.01,0,0.01,0.01,0,N/A
United States,11/17/2017,2,0.0,0,0.0,0.0,0,N/A
United States,11/18/2017,2,0.0,0,0.0,0.0,0,N/A
United States,11/19/2017,1,0.0,0,0.0,0.0,0,N/A
United States,11/20/2017,2,0.0,0,0.0,0.0,0,N/A
United States,11/23/2017,2,0.0,0,0.0,0.0,0,N/A
United States,11/24/2017,2,0.0,0,0.0,0.0,0,N/A
United States,11/26/2017,1,0.6,0,0.6,0.6,0,N/A
United States,11/27/2017,2,0.6,0,0.6,0.3,0,N/A
United States,11/29/2017,1,0.0,0,0.0,0.0,0,N/A
United States,12/05/2017,0,0.05,0,0.05,N/A,0,N/A
United States,12/06/2017,1,0.0,0,0.0,0.0,0,N/A
United States,12/07/2017,1,0.06,0,0.06,0.06,0,N/A
United States,12/18/2017,1,0.0,0,0.0,0.0,0,N/A
United States,12/23/2017,1,0.0,0,0.0,0.0,0,N/A
United States,12/26/2017,1,0.0,0,0.0,0.0,0,N/A
United States,12/27/2017,4,0.0,0,0.0,0.0,0,N/A
United States,12/28/2017,2,0.0,0,0.0,0.0,0,N/A
United States,12/29/2017,1,0.0,0,0.0,0.0,0,N/A
United States,12/30/2017,1,0.0,0,0.0,0.0,0,N/A
United States,12/31/2017,2,0.0,0,0.0,0.0,0,N/A
United States,01/02/2018,1,0.0,0,0.0,0.0,0,N/A
United States,01/04/2018,1,0.0,0,0.0,0.0,0,N/A
United States,01/05/2018,0,0.09,0,0.09,N/A,0,N/A
United States,01/06/2018,2,0.0,0,0.0,0.0,0,N/A
United States,01/07/2018,1,0.0,0,0.0,0.0,0,N/A
United States,01/09/2018,1,0.06,0,0.06,0.06,0,N/A
United States,01/10/2018,2,0.58,0,0.58,0.29,0,N/A
United States,01/11/2018,1,0.08,0,0.08,0.08,0,N/A
United States,01/13/2018,3,0.0,0,0.0,0.0,0,N/A
United States,01/14/2018,2,0.0,0,0.0,0.0,0,N/A
United States,01/16/2018,1,0.0,0,0.0,0.0,0,N/A
United States,01/17/2018,1,0.0,0,0.0,0.0,0,N/A
United States,01/18/2018,3,0.0,0,0.0,0.0,0,N/A
United States,01/19/2018,1,0.21,0,0.21,0.21,0,N/A
United States,01/20/2018,4,0.01,0,0.01,0.0,0,N/A
United States,01/21/2018,1,0.0,0,0.0,0.0,0,N/A
United States,01/22/2018,1,0.0,0,0.0,0.0,0,N/A
United States,01/25/2018,2,0.0,0,0.0,0.0,0,N/A
United States,01/27/2018,1,0.0,0,0.0,0.0,0,N/A
United States,01/28/2018,2,0.38,0,0.38,0.19,0,N/A
United States,01/29/2018,1,0.0,0,0.0,0.0,0,N/A
United States,01/30/2018,1,0.56,0,0.56,0.56,0,N/A
United States,01/31/2018,1,0.0,0,0.0,0.0,0,N/A
United States,02/01/2018,1,0.0,0,0.0,0.0,0,N/A
United States,02/02/2018,1,0.0,0,0.0,0.0,0,N/A
United States,02/03/2018,1,0.0,0,0.0,0.0,0,N/A
United States,02/04/2018,1,0.07,0,0.07,0.07,0,N/A
United States,02/05/2018,1,0.22,0,0.22,0.22,0,N/A
United States,02/06/2018,1,0.0,0,0.0,0.0,0,N/A
United States,02/07/2018,2,0.57,0,0.57,0.28,0,N/A
United States,02/10/2018,2,0.0,0,0.0,0.0,0,N/A
United States,02/12/2018,1,0.0,0,0.0,0.0,0,N/A
United States,02/13/2018,3,0.0,0,0.0,0.0,0,N/A
United States,02/14/2018,1,0.0,0,0.0,0.0,0,N/A
United States,02/15/2018,5,0.0,0,0.0,0.0,0,N/A
United States,02/16/2018,2,0.0,0,0.0,0.0,0,N/A
United States,02/17/2018,2,0.0,0,0.0,0.0,0,N/A
United States,02/18/2018,5,0.0,0,0.0,0.0,0,N/A
United States,02/19/2018,3,0.56,0,0.56,0.19,0,N/A
United States,02/20/2018,3,0.56,0,0.56,0.19,0,N/A
United States,02/21/2018,3,0.0,0,0.0,0.0,0,N/A
United States,02/22/2018,2,0.0,0,0.0,0.0,0,N/A
United States,02/25/2018,4,0.11,0,0.11,0.03,0,N/A
United States,02/26/2018,1,0.01,0,0.01,0.01,0,N/A
United States,02/27/2018,2,0.55,0,0.55,0.27,0,N/A
United States,02/28/2018,0,0.06,0,0.06,N/A,0,N/A
United States,03/01/2018,2,0.0,0,0.0,0.0,0,N/A
United States,03/02/2018,1,0.05,0,0.05,0.05,0,N/A
United States,03/03/2018,2,0.0,0,0.0,0.0,0,N/A
United States,03/04/2018,2,0.0,0,0.0,0.0,0,N/A
United States,03/05/2018,2,0.57,0,0.57,0.29,0,N/A
United States,03/07/2018,1,0.0,0,0.0,0.0,0,N/A
United States,03/08/2018,1,0.57,0,0.57,0.57,0,N/A
United States,03/09/2018,3,0.0,0,0.0,0.0,0,N/A
United States,03/10/2018,5,1.72,0,1.72,0.34,0,N/A
United States,03/11/2018,1,0.57,0,0.57,0.57,0,N/A
United States,03/14/2018,0,0.13,0,0.13,N/A,0,N/A
United States,03/16/2018,0,0.03,0,0.03,N/A,0,N/A
United States,03/17/2018,3,0.58,0,0.58,0.19,0,N/A
United States,03/18/2018,0,0.05,0,0.05,N/A,0,N/A
United States,03/19/2018,1,0.23,0,0.23,0.23,0,N/A
United States,03/20/2018,1,0.0,0,0.0,0.0,0,N/A
United States,03/21/2018,2,0.0,0,0.0,0.0,0,N/A
United States,03/22/2018,2,0.57,0,0.57,0.29,0,N/A
United States,03/23/2018,1,0.0,0,0.0,0.0,0,N/A
United States,03/25/2018,0,0.05,0,0.05,N/A,0,N/A
United States,03/26/2018,1,0.19,0,0.19,0.19,0,N/A
United States,03/28/2018,1,0.0,0,0.0,0.0,0,N/A
United States,03/30/2018,2,0.0,0,0.0,0.0,0,N/A
United States,03/31/2018,1,0.0,0,0.0,0.0,0,N/A
United States,04/01/2018,1,0.05,0,0.05,0.05,0,N/A
United States,04/04/2018,2,0.0,0,0.0,0.0,0,N/A
United States,04/05/2018,0,0.06,0,0.06,N/A,0,N/A
United States,04/08/2018,1,0.0,0,0.0,0.0,0,N/A
United States,04/10/2018,2,0.0,0,0.0,0.0,0,N/A
United States,04/11/2018,2,0.0,0,0.0,0.0,0,N/A
United States,04/12/2018,2,0.0,0,0.0,0.0,0,N/A
United States,04/14/2018,0,0.03,0,0.03,N/A,0,N/A
United States,04/15/2018,1,0.0,0,0.0,0.0,0,N/A
United States,04/17/2018,1,0.12,0,0.12,0.12,0,N/A
United States,04/18/2018,0,0.15,0,0.15,N/A,0,N/A
United States,04/19/2018,1,0.0,0,0.0,0.0,0,N/A
Uruguay,02/07/2017,1,0.0,0,0.0,0.0,0,N/A
Uruguay,02/27/2017,1,0,0,0,0.0,0,N/A
Uruguay,06/23/2017,0,0.01,0,0.01,N/A,0,N/A
Uruguay,07/29/2017,1,0.0,0,0.0,0.0,0,N/A
Uruguay,11/20/2017,1,0.0,0,0.0,0.0,0,N/A
Lebanon,05/30/2015,1,0,0,0,0.0,0,N/A
Lebanon,01/28/2017,1,0,0,0,0.0,0,N/A
Lebanon,05/19/2017,1,0.0,0,0.0,0.0,0,N/A
Lebanon,06/09/2017,1,0.0,0,0.0,0.0,0,N/A
Lebanon,06/29/2017,1,0.0,0,0.0,0.0,0,N/A
Lebanon,07/31/2017,1,0,0,0,0.0,0,N/A
Lebanon,03/26/2018,1,0.0,0,0.0,0.0,0,N/A
Laos,08/03/2017,1,0,0,0,0.0,0,N/A
Taiwan,12/01/2016,1,0,0,0,0.0,0,N/A
Taiwan,02/24/2017,1,0.0,0,0.0,0.0,0,N/A
Taiwan,02/27/2017,1,0,0,0,0.0,0,N/A
Taiwan,03/09/2017,1,0.0,0,0.0,0.0,0,N/A
Taiwan,04/23/2017,1,0.0,0,0.0,0.0,0,N/A
Taiwan,05/12/2017,1,0.0,0,0.0,0.0,0,N/A
Taiwan,05/21/2017,0,0.03,0,0.03,N/A,0,N/A
Taiwan,05/29/2017,1,0.0,0,0.0,0.0,0,N/A
Taiwan,06/10/2017,1,0.0,0,0.0,0.0,0,N/A
Taiwan,06/15/2017,1,0.0,0,0.0,0.0,0,N/A
Taiwan,06/21/2017,1,0.01,0,0.01,0.01,0,N/A
Taiwan,07/02/2017,1,0.02,0,0.02,0.02,0,N/A
Taiwan,07/05/2017,1,0.0,0,0.0,0.0,0,N/A
Taiwan,07/18/2017,2,0.0,0,0.0,0.0,0,N/A
Taiwan,07/21/2017,1,0.0,0,0.0,0.0,0,N/A
Taiwan,08/15/2017,1,0.0,0,0.0,0.0,0,N/A
Taiwan,08/29/2017,1,0.0,0,0.0,0.0,0,N/A
Taiwan,09/23/2017,1,0.0,0,0.0,0.0,0,N/A
Taiwan,09/27/2017,1,0.0,0,0.0,0.0,0,N/A
Taiwan,10/08/2017,1,0.05,0,0.05,0.05,0,N/A
Taiwan,11/24/2017,1,0.0,0,0.0,0.0,0,N/A
Taiwan,12/07/2017,1,0.0,0,0.0,0.0,0,N/A
Taiwan,02/02/2018,1,0.0,0,0.0,0.0,0,N/A
Taiwan,02/15/2018,1,0,0,0,0.0,0,N/A
Taiwan,03/07/2018,1,0.0,0,0.0,0.0,0,N/A
Taiwan,04/19/2018,1,0.0,0,0.0,0.0,0,N/A
Trinidad and Tobago,01/10/2017,1,0.0,0,0.0,0.0,0,N/A
Turkey,08/02/2015,2,0.65,0,0.65,0.33,0,N/A
Turkey,08/17/2015,1,0.63,0,0.63,0.63,0,N/A
Turkey,03/20/2016,1,0.58,0,0.58,0.58,0,N/A
Turkey,06/19/2016,1,0.57,0,0.57,0.57,0,N/A
Turkey,11/20/2016,1,0,0,0,0.0,0,N/A
Turkey,11/23/2016,1,0,0,0,0.0,0,N/A
Turkey,11/28/2016,2,0,0,0,0.0,0,N/A
Turkey,12/05/2016,1,0,0,0,0.0,0,N/A
Turkey,12/08/2016,1,0,0,0,0.0,0,N/A
Turkey,12/11/2016,1,0,0,0,0.0,0,N/A
Turkey,01/26/2017,1,0.0,0,0.0,0.0,0,N/A
Turkey,02/10/2017,1,0.0,0,0.0,0.0,0,N/A
Turkey,02/26/2017,1,0.0,0,0.0,0.0,0,N/A
Turkey,03/01/2017,1,0.0,0,0.0,0.0,0,N/A
Turkey,03/02/2017,1,0.0,0,0.0,0.0,0,N/A
Turkey,03/06/2017,0,0.02,0,0.02,N/A,0,N/A
Turkey,03/13/2017,1,0.0,0,0.0,0.0,0,N/A
Turkey,03/20/2017,1,0.0,0,0.0,0.0,0,N/A
Turkey,03/30/2017,1,0.0,0,0.0,0.0,0,N/A
Turkey,04/01/2017,1,0.0,0,0.0,0.0,0,N/A
Turkey,04/04/2017,1,0.0,0,0.0,0.0,0,N/A
Turkey,04/06/2017,1,0.0,0,0.0,0.0,0,N/A
Turkey,04/10/2017,1,0.0,0,0.0,0.0,0,N/A
Turkey,04/19/2017,2,0.0,0,0.0,0.0,0,N/A
Turkey,04/29/2017,1,0.0,0,0.0,0.0,0,N/A
Turkey,05/25/2017,1,0.0,0,0.0,0.0,0,N/A
Turkey,05/29/2017,1,0.0,0,0.0,0.0,0,N/A
Turkey,05/31/2017,1,0.0,0,0.0,0.0,0,N/A
Turkey,06/15/2017,1,0.0,0,0.0,0.0,0,N/A
Turkey,06/16/2017,1,0.0,0,0.0,0.0,0,N/A
Turkey,06/19/2017,0,0.1,0,0.1,N/A,0,N/A
Turkey,07/02/2017,1,0.0,0,0.0,0.0,0,N/A
Turkey,07/14/2017,1,0.0,0,0.0,0.0,0,N/A
Turkey,07/18/2017,1,0.0,0,0.0,0.0,0,N/A
Turkey,07/29/2017,2,0.0,0,0.0,0.0,0,N/A
Turkey,08/09/2017,1,0.0,0,0.0,0.0,0,N/A
Turkey,08/11/2017,1,0.0,0,0.0,0.0,0,N/A
Turkey,08/15/2017,1,0.0,0,0.0,0.0,0,N/A
Turkey,08/22/2017,2,0.59,0,0.59,0.3,0,N/A
Turkey,09/15/2017,1,0.0,0,0.0,0.0,0,N/A
Turkey,10/16/2017,1,0.0,0,0.0,0.0,0,N/A
Turkey,11/02/2017,1,0.0,0,0.0,0.0,0,N/A
Turkey,11/09/2017,1,0.0,0,0.0,0.0,0,N/A
Turkey,11/27/2017,1,0.0,0,0.0,0.0,0,N/A
Turkey,11/28/2017,1,0.0,0,0.0,0.0,0,N/A
Turkey,11/30/2017,1,0,0,0,0.0,0,N/A
Turkey,12/02/2017,1,0.01,0,0.01,0.01,0,N/A
Turkey,01/03/2018,2,0.0,0,0.0,0.0,0,N/A
Turkey,01/07/2018,0,0.01,0,0.01,N/A,0,N/A
Turkey,01/11/2018,2,0.01,0,0.01,0.0,0,N/A
Turkey,01/12/2018,1,0.0,0,0.0,0.0,0,N/A
Turkey,01/16/2018,1,0.0,0,0.0,0.0,0,N/A
Turkey,01/17/2018,1,0.0,0,0.0,0.0,0,N/A
Turkey,01/20/2018,1,0.0,0,0.0,0.0,0,N/A
Turkey,01/22/2018,1,0,0,0,0.0,0,N/A
Turkey,02/01/2018,2,0.0,0,0.0,0.0,0,N/A
Turkey,02/16/2018,1,0,0,0,0.0,0,N/A
Turkey,02/23/2018,1,0.0,0,0.0,0.0,0,N/A
Turkey,03/17/2018,1,0.01,0,0.01,0.01,0,N/A
Turkey,03/25/2018,1,0.57,0,0.57,0.57,0,N/A
Turkey,04/04/2018,0,0.01,0,0.01,N/A,0,N/A
Turkey,04/05/2018,1,0.0,0,0.0,0.0,0,N/A
Turkey,04/15/2018,1,0.0,0,0.0,0.0,0,N/A
Sri Lanka,03/22/2017,1,0.0,0,0.0,0.0,0,N/A
Sri Lanka,04/02/2017,1,0.0,0,0.0,0.0,0,N/A
Sri Lanka,04/16/2017,1,0,0,0,0.0,0,N/A
Sri Lanka,04/20/2017,1,0.0,0,0.0,0.0,0,N/A
Sri Lanka,05/04/2017,1,0.0,0,0.0,0.0,0,N/A
Sri Lanka,06/05/2017,1,0,0,0,0.0,0,N/A
Sri Lanka,07/12/2017,1,0.0,0,0.0,0.0,0,N/A
Sri Lanka,02/24/2018,1,0.0,0,0.0,0.0,0,N/A
Sri Lanka,03/30/2018,1,0.0,0,0.0,0.0,0,N/A
Latvia,03/04/2017,1,0.0,0,0.0,0.0,0,N/A
Latvia,03/23/2017,0,0.01,0,0.01,N/A,0,N/A
Latvia,05/15/2017,1,0.0,0,0.0,0.0,0,N/A
Latvia,05/16/2017,0,0.03,0,0.03,N/A,0,N/A
Latvia,07/16/2017,1,0.0,0,0.0,0.0,0,N/A
Latvia,08/12/2017,1,0.04,0,0.04,0.04,0,N/A
Lithuania,12/11/2016,1,0,0,0,0.0,0,N/A
Lithuania,12/15/2016,1,0.0,0,0.0,0.0,0,N/A
Lithuania,02/19/2017,1,0.0,0,0.0,0.0,0,N/A
Lithuania,04/19/2017,1,0,0,0,0.0,0,N/A
Lithuania,05/16/2017,1,0.0,0,0.0,0.0,0,N/A
Lithuania,05/28/2017,1,0.0,0,0.0,0.0,0,N/A
Lithuania,06/17/2017,1,0.0,0,0.0,0.0,0,N/A
Lithuania,06/22/2017,1,0.0,0,0.0,0.0,0,N/A
Lithuania,07/05/2017,1,0.0,0,0.0,0.0,0,N/A
Lithuania,08/03/2017,1,0.0,0,0.0,0.0,0,N/A
Lithuania,08/21/2017,1,0.0,0,0.0,0.0,0,N/A
Lithuania,11/03/2017,1,0.03,0,0.03,0.03,0,N/A
Lithuania,11/22/2017,1,0.0,0,0.0,0.0,0,N/A
Lithuania,01/28/2018,0,0.01,0,0.01,N/A,0,N/A
Lithuania,03/06/2018,1,0.0,0,0.0,0.0,0,N/A
Lithuania,03/16/2018,1,0.0,0,0.0,0.0,0,N/A
Lithuania,03/27/2018,0,0.01,0,0.01,N/A,0,N/A
Luxembourg,07/09/2017,1,0.02,0,0.02,0.02,0,N/A
Luxembourg,09/09/2017,1,0,0,0,0.0,0,N/A
Luxembourg,01/21/2018,1,0.0,0,0.0,0.0,0,N/A
Thailand,04/20/2015,1,0.64,0,0.64,0.64,0,N/A
Thailand,07/23/2015,1,0,0,0,0.0,0,N/A
Thailand,07/24/2015,0,0.59,0,0.59,N/A,0,N/A
Thailand,10/01/2015,1,0,0,0,0.0,0,N/A
Thailand,10/02/2015,0,0.55,0,0.55,N/A,0,N/A
Thailand,12/21/2015,1,0,0,0,0.0,0,N/A
Thailand,01/19/2016,1,0,0,0,0.0,0,N/A
Thailand,04/18/2016,1,0.61,0,0.61,0.61,0,N/A
Thailand,11/14/2016,1,0,0,0,0.0,0,N/A
Thailand,11/19/2016,1,0,0,0,0.0,0,N/A
Thailand,11/20/2016,2,0,0,0,0.0,0,N/A
Thailand,11/23/2016,1,0,0,0,0.0,0,N/A
Thailand,11/24/2016,1,0,0,0,0.0,0,N/A
Thailand,12/02/2016,1,0.0,0,0.0,0.0,0,N/A
Thailand,12/19/2016,1,0,0,0,0.0,0,N/A
Thailand,01/02/2017,1,0,0,0,0.0,0,N/A
Thailand,01/05/2017,1,0,0,0,0.0,0,N/A
Thailand,01/12/2017,1,0.0,0,0.0,0.0,0,N/A
Thailand,01/18/2017,1,0.0,0,0.0,0.0,0,N/A
Thailand,02/10/2017,1,0.0,0,0.0,0.0,0,N/A
Thailand,02/13/2017,1,0,0,0,0.0,0,N/A
Thailand,02/18/2017,1,0,0,0,0.0,0,N/A
Thailand,02/19/2017,1,0.01,0,0.01,0.01,0,N/A
Thailand,03/11/2017,1,0.0,0,0.0,0.0,0,N/A
Thailand,03/12/2017,1,0,0,0,0.0,0,N/A
Thailand,03/14/2017,1,0,0,0,0.0,0,N/A
Thailand,03/17/2017,1,0,0,0,0.0,0,N/A
Thailand,03/18/2017,1,0.0,0,0.0,0.0,0,N/A
Thailand,03/21/2017,1,0.0,0,0.0,0.0,0,N/A
Thailand,03/22/2017,1,0.0,0,0.0,0.0,0,N/A
Thailand,03/24/2017,1,0.0,0,0.0,0.0,0,N/A
Thailand,03/25/2017,1,0.0,0,0.0,0.0,0,N/A
Thailand,03/28/2017,1,0.0,0,0.0,0.0,0,N/A
Thailand,03/29/2017,2,0.0,0,0.0,0.0,0,N/A
Thailand,04/01/2017,2,0.0,0,0.0,0.0,0,N/A
Thailand,04/02/2017,2,0.0,0,0.0,0.0,0,N/A
Thailand,04/04/2017,0,0.09,0,0.09,N/A,0,N/A
Thailand,04/05/2017,1,0.0,0,0.0,0.0,0,N/A
Thailand,04/07/2017,1,0.0,0,0.0,0.0,0,N/A
Thailand,04/08/2017,2,0.0,0,0.0,0.0,0,N/A
Thailand,04/13/2017,2,0.0,0,0.0,0.0,0,N/A
Thailand,04/16/2017,1,0.0,0,0.0,0.0,0,N/A
Thailand,04/17/2017,1,0.0,0,0.0,0.0,0,N/A
Thailand,04/19/2017,1,0.0,0,0.0,0.0,0,N/A
Thailand,04/21/2017,1,0.0,0,0.0,0.0,0,N/A
Thailand,04/24/2017,1,0.0,0,0.0,0.0,0,N/A
Thailand,04/25/2017,1,0,0,0,0.0,0,N/A
Thailand,05/02/2017,1,0.0,0,0.0,0.0,0,N/A
Thailand,05/07/2017,1,0.0,0,0.0,0.0,0,N/A
Thailand,05/09/2017,2,0.0,0,0.0,0.0,0,N/A
Thailand,05/10/2017,1,0.0,0,0.0,0.0,0,N/A
Thailand,05/13/2017,1,0.0,0,0.0,0.0,0,N/A
Thailand,05/16/2017,1,0,0,0,0.0,0,N/A
Thailand,05/27/2017,2,0.0,0,0.0,0.0,0,N/A
Thailand,05/28/2017,3,0.01,0,0.01,0.0,0,N/A
Thailand,05/29/2017,1,0.0,0,0.0,0.0,0,N/A
Thailand,05/30/2017,1,0.0,0,0.0,0.0,0,N/A
Thailand,06/01/2017,1,0.0,0,0.0,0.0,0,N/A
Thailand,06/02/2017,1,0.0,0,0.0,0.0,0,N/A
Thailand,06/04/2017,1,0,0,0,0.0,0,N/A
Thailand,06/07/2017,2,0.0,0,0.0,0.0,0,N/A
Thailand,06/09/2017,1,0.0,0,0.0,0.0,0,N/A
Thailand,06/17/2017,1,0.0,0,0.0,0.0,0,N/A
Thailand,06/19/2017,2,0.0,0,0.0,0.0,0,N/A
Thailand,07/07/2017,1,0.02,0,0.02,0.02,0,N/A
Thailand,07/31/2017,1,0.0,0,0.0,0.0,0,N/A
Thailand,08/01/2017,1,0.0,0,0.0,0.0,0,N/A
Thailand,08/12/2017,1,0.0,0,0.0,0.0,0,N/A
Thailand,08/14/2017,1,0.01,0,0.01,0.01,0,N/A
Thailand,08/19/2017,1,0.0,0,0.0,0.0,0,N/A
Thailand,08/22/2017,1,0.0,0,0.0,0.0,0,N/A
Thailand,08/24/2017,1,0.0,0,0.0,0.0,0,N/A
Thailand,08/25/2017,1,0.0,0,0.0,0.0,0,N/A
Thailand,08/29/2017,1,0.0,0,0.0,0.0,0,N/A
Thailand,09/03/2017,1,0.0,0,0.0,0.0,0,N/A
Thailand,09/12/2017,1,0.0,0,0.0,0.0,0,N/A
Thailand,09/20/2017,1,0.0,0,0.0,0.0,0,N/A
Thailand,09/23/2017,1,0.0,0,0.0,0.0,0,N/A
Thailand,09/29/2017,1,0.0,0,0.0,0.0,0,N/A
Thailand,10/03/2017,1,0.0,0,0.0,0.0,0,N/A
Thailand,10/06/2017,1,0.0,0,0.0,0.0,0,N/A
Thailand,10/30/2017,1,0.0,0,0.0,0.0,0,N/A
Thailand,11/12/2017,1,0.0,0,0.0,0.0,0,N/A
Thailand,11/15/2017,1,0.0,0,0.0,0.0,0,N/A
Thailand,11/24/2017,1,0.03,0,0.03,0.03,0,N/A
Thailand,11/29/2017,1,0.0,0,0.0,0.0,0,N/A
Thailand,11/30/2017,1,0.0,0,0.0,0.0,0,N/A
Thailand,12/01/2017,1,0.0,0,0.0,0.0,0,N/A
Thailand,01/06/2018,0,0.04,0,0.04,N/A,0,N/A
Thailand,01/07/2018,1,0.0,0,0.0,0.0,0,N/A
Thailand,01/09/2018,1,0.0,0,0.0,0.0,0,N/A
Thailand,01/30/2018,1,0,0,0,0.0,0,N/A
Thailand,02/02/2018,1,0.0,0,0.0,0.0,0,N/A
Thailand,02/07/2018,1,0.0,0,0.0,0.0,0,N/A
Thailand,02/08/2018,0,0.01,0,0.01,N/A,0,N/A
Thailand,02/25/2018,1,0.0,0,0.0,0.0,0,N/A
Thailand,02/26/2018,1,0.0,0,0.0,0.0,0,N/A
Thailand,03/01/2018,1,0.0,0,0.0,0.0,0,N/A
Thailand,03/02/2018,1,0.0,0,0.0,0.0,0,N/A
Thailand,03/05/2018,1,0.0,0,0.0,0.0,0,N/A
Thailand,03/11/2018,1,0,0,0,0.0,0,N/A
Thailand,03/17/2018,0,0.06,0,0.06,N/A,0,N/A
Thailand,03/28/2018,1,0.0,0,0.0,0.0,0,N/A
Thailand,03/29/2018,0,0.01,0,0.01,N/A,0,N/A
Thailand,03/30/2018,2,0.0,0,0.0,0.0,0,N/A
Thailand,04/05/2018,1,0.0,0,0.0,0.0,0,N/A
Thailand,04/12/2018,1,0.0,0,0.0,0.0,0,N/A
Thailand,04/13/2018,1,0,0,0,0.0,0,N/A
Thailand,04/15/2018,1,0,0,0,0.0,0,N/A
Libya,10/05/2017,1,0.0,0,0.0,0.0,0,N/A
Libya,04/03/2018,1,0.0,0,0.0,0.0,0,N/A
United Arab Emirates,08/11/2015,0,0.86,0,0.86,N/A,0,N/A
United Arab Emirates,11/04/2015,1,0.88,0,0.88,0.88,0,N/A
United Arab Emirates,08/05/2016,1,0,0,0,0.0,0,N/A
United Arab Emirates,08/06/2016,0,0.85,0,0.85,N/A,0,N/A
United Arab Emirates,11/16/2016,1,0,0,0,0.0,0,N/A
United Arab Emirates,12/09/2016,1,0,0,0,0.0,0,N/A
United Arab Emirates,01/07/2017,1,0,0,0,0.0,0,N/A
United Arab Emirates,02/10/2017,1,0,0,0,0.0,0,N/A
United Arab Emirates,03/27/2017,1,0.0,0,0.0,0.0,0,N/A
United Arab Emirates,04/22/2017,1,0.07,0,0.07,0.07,0,N/A
United Arab Emirates,04/26/2017,1,0.0,0,0.0,0.0,0,N/A
United Arab Emirates,05/10/2017,1,0,0,0,0.0,0,N/A
United Arab Emirates,06/17/2017,1,0.0,0,0.0,0.0,0,N/A
United Arab Emirates,06/22/2017,1,0.0,0,0.0,0.0,0,N/A
United Arab Emirates,12/28/2017,1,0.0,0,0.0,0.0,0,N/A
United Arab Emirates,01/16/2018,1,0.0,0,0.0,0.0,0,N/A
United Arab Emirates,01/31/2018,1,0.0,0,0.0,0.0,0,N/A
United Arab Emirates,02/08/2018,1,0,0,0,0.0,0,N/A
United Arab Emirates,02/15/2018,1,0.0,0,0.0,0.0,0,N/A
United Arab Emirates,02/23/2018,1,0.01,0,0.01,0.01,0,N/A
Afghanistan,03/03/2018,1,0.0,0,0.0,0.0,0,N/A
Iceland,01/14/2017,1,0,0,0,0.0,0,N/A
Iran,01/08/2017,1,0.0,0,0.0,0.0,0,N/A
Iran,02/01/2017,1,0.0,0,0.0,0.0,0,N/A
Iran,02/08/2017,1,0.0,0,0.0,0.0,0,N/A
Iran,04/18/2017,1,0.0,0,0.0,0.0,0,N/A
Iran,05/03/2017,1,0.0,0,0.0,0.0,0,N/A
Iran,05/28/2017,1,0.0,0,0.0,0.0,0,N/A
Iran,06/30/2017,1,0.0,0,0.0,0.0,0,N/A
Iran,07/01/2017,1,0.0,0,0.0,0.0,0,N/A
Iran,07/02/2017,1,0.0,0,0.0,0.0,0,N/A
Iran,07/05/2017,1,0.0,0,0.0,0.0,0,N/A
Iran,07/26/2017,1,0,0,0,0.0,0,N/A
Iran,08/23/2017,1,0.0,0,0.0,0.0,0,N/A
Iran,09/25/2017,1,0.0,0,0.0,0.0,0,N/A
Iran,10/17/2017,1,0.01,0,0.01,0.01,0,N/A
Iran,11/03/2017,1,0.0,0,0.0,0.0,0,N/A
Iran,11/09/2017,1,0.0,0,0.0,0.0,0,N/A
Iran,11/26/2017,1,0.0,0,0.0,0.0,0,N/A
Iran,12/15/2017,1,0.0,0,0.0,0.0,0,N/A
Iran,01/09/2018,1,0,0,0,0.0,0,N/A
Iran,01/14/2018,1,0.0,0,0.0,0.0,0,N/A
Iran,02/09/2018,1,0.0,0,0.0,0.0,0,N/A
Iran,02/10/2018,1,0.0,0,0.0,0.0,0,N/A
Iran,03/12/2018,1,0,0,0,0.0,0,N/A
Iran,03/29/2018,1,0.0,0,0.0,0.0,0,N/A
Armenia,06/29/2017,1,0.0,0,0.0,0.0,0,N/A
Armenia,07/02/2017,1,0.0,0,0.0,0.0,0,N/A
Armenia,07/24/2017,1,0.0,0,0.0,0.0,0,N/A
Armenia,09/06/2017,0,0.17,0,0.17,N/A,0,N/A
Armenia,04/10/2018,1,0,0,0,0.0,0,N/A
Albania,11/21/2016,1,0,0,0,0.0,0,N/A
Albania,12/05/2016,1,0,0,0,0.0,0,N/A
Albania,01/17/2017,1,0.0,0,0.0,0.0,0,N/A
Albania,01/19/2017,0,0.02,0,0.02,N/A,0,N/A
Albania,06/25/2017,1,0.02,0,0.02,0.02,0,N/A
Albania,03/04/2018,1,0,0,0,0.0,0,N/A
Angola,11/13/2016,1,0,0,0,0.0,0,N/A
Angola,12/03/2016,1,0,0,0,0.0,0,N/A
Angola,03/28/2018,1,0,0,0,0.0,0,N/A
Argentina,09/09/2015,1,0.69,0,0.69,0.69,0,N/A
Argentina,11/14/2016,1,0,0,0,0.0,0,N/A
Argentina,11/22/2016,1,0,0,0,0.0,0,N/A
Argentina,11/28/2016,2,0,0,0,0.0,0,N/A
Argentina,12/04/2016,1,0.0,0,0.0,0.0,0,N/A
Argentina,12/06/2016,2,0,0,0,0.0,0,N/A
Argentina,12/08/2016,1,0.0,0,0.0,0.0,0,N/A
Argentina,12/11/2016,3,0.0,0,0.0,0.0,0,N/A
Argentina,12/12/2016,1,0.0,0,0.0,0.0,0,N/A
Argentina,12/14/2016,1,0.0,0,0.0,0.0,0,N/A
Argentina,12/15/2016,1,0.0,0,0.0,0.0,0,N/A
Argentina,12/25/2016,1,0.0,0,0.0,0.0,0,N/A
Argentina,01/06/2017,1,0,0,0,0.0,0,N/A
Argentina,01/10/2017,1,0.01,0,0.01,0.01,0,N/A
Argentina,01/15/2017,1,0.0,0,0.0,0.0,0,N/A
Argentina,01/21/2017,1,0.03,0,0.03,0.03,0,N/A
Argentina,01/24/2017,1,0.0,0,0.0,0.0,0,N/A
Argentina,01/26/2017,1,0.0,0,0.0,0.0,0,N/A
Argentina,01/27/2017,2,0.0,0,0.0,0.0,0,N/A
Argentina,02/01/2017,1,0.0,0,0.0,0.0,0,N/A
Argentina,02/02/2017,1,0.0,0,0.0,0.0,0,N/A
Argentina,02/03/2017,1,0.0,0,0.0,0.0,0,N/A
Argentina,02/05/2017,2,0.0,0,0.0,0.0,0,N/A
Argentina,02/08/2017,1,0.0,0,0.0,0.0,0,N/A
Argentina,02/16/2017,1,0,0,0,0.0,0,N/A
Argentina,02/21/2017,1,0.0,0,0.0,0.0,0,N/A
Argentina,02/23/2017,1,0.01,0,0.01,0.01,0,N/A
Argentina,03/27/2017,1,0.0,0,0.0,0.0,0,N/A
Argentina,04/02/2017,1,0.0,0,0.0,0.0,0,N/A
Argentina,04/11/2017,1,0.0,0,0.0,0.0,0,N/A
Argentina,04/12/2017,0,0.01,0,0.01,N/A,0,N/A
Argentina,04/14/2017,1,0.0,0,0.0,0.0,0,N/A
Argentina,04/16/2017,0,0.03,0,0.03,N/A,0,N/A
Argentina,05/01/2017,1,0,0,0,0.0,0,N/A
Argentina,05/08/2017,1,0.0,0,0.0,0.0,0,N/A
Argentina,05/18/2017,1,0,0,0,0.0,0,N/A
Argentina,05/22/2017,1,0.01,0,0.01,0.01,0,N/A
Argentina,05/24/2017,1,0.0,0,0.0,0.0,0,N/A
Argentina,06/03/2017,1,0.0,0,0.0,0.0,0,N/A
Argentina,06/10/2017,1,0.0,0,0.0,0.0,0,N/A
Argentina,06/21/2017,3,0.0,0,0.0,0.0,0,N/A
Argentina,06/24/2017,0,0.07,0,0.07,N/A,0,N/A
Argentina,06/26/2017,1,0.0,0,0.0,0.0,0,N/A
Argentina,06/27/2017,1,0.0,0,0.0,0.0,0,N/A
Argentina,07/03/2017,1,0.0,0,0.0,0.0,0,N/A
Argentina,07/06/2017,1,0.02,0,0.02,0.02,0,N/A
Argentina,07/11/2017,2,0.03,0,0.03,0.01,0,N/A
Argentina,07/29/2017,1,0.0,0,0.0,0.0,0,N/A
Argentina,07/30/2017,1,0.0,0,0.0,0.0,0,N/A
Argentina,08/01/2017,1,0.0,0,0.0,0.0,0,N/A
Argentina,08/02/2017,1,0.0,0,0.0,0.0,0,N/A
Argentina,08/05/2017,1,0.0,0,0.0,0.0,0,N/A
Argentina,08/21/2017,1,0.0,0,0.0,0.0,0,N/A
Argentina,08/29/2017,1,0,0,0,0.0,0,N/A
Argentina,09/25/2017,1,0.0,0,0.0,0.0,0,N/A
Argentina,10/10/2017,1,0.0,0,0.0,0.0,0,N/A
Argentina,11/07/2017,1,0.0,0,0.0,0.0,0,N/A
Argentina,11/11/2017,1,0.0,0,0.0,0.0,0,N/A
Argentina,11/15/2017,1,0.0,0,0.0,0.0,0,N/A
Argentina,11/17/2017,1,0.0,0,0.0,0.0,0,N/A
Argentina,11/20/2017,0,0.08,0,0.08,N/A,0,N/A
Argentina,11/29/2017,1,0.0,0,0.0,0.0,0,N/A
Argentina,11/30/2017,0,0.09,0,0.09,N/A,0,N/A
Argentina,12/04/2017,1,0.0,0,0.0,0.0,0,N/A
Argentina,12/06/2017,1,0.0,0,0.0,0.0,0,N/A
Argentina,12/08/2017,1,0.0,0,0.0,0.0,0,N/A
Argentina,12/11/2017,1,0.0,0,0.0,0.0,0,N/A
Argentina,12/14/2017,2,0.0,0,0.0,0.0,0,N/A
Argentina,12/15/2017,1,0.0,0,0.0,0.0,0,N/A
Argentina,12/23/2017,1,0.0,0,0.0,0.0,0,N/A
Argentina,12/27/2017,0,0.01,0,0.01,N/A,0,N/A
Argentina,12/28/2017,1,0.0,0,0.0,0.0,0,N/A
Argentina,12/31/2017,1,0.0,0,0.0,0.0,0,N/A
Argentina,01/03/2018,3,0.0,0,0.0,0.0,0,N/A
Argentina,01/04/2018,1,0.0,0,0.0,0.0,0,N/A
Argentina,01/08/2018,1,0.0,0,0.0,0.0,0,N/A
Argentina,01/16/2018,1,0.0,0,0.0,0.0,0,N/A
Argentina,01/21/2018,2,0.0,0,0.0,0.0,0,N/A
Argentina,02/02/2018,1,0.0,0,0.0,0.0,0,N/A
Argentina,02/07/2018,1,0.0,0,0.0,0.0,0,N/A
Argentina,02/16/2018,1,0.0,0,0.0,0.0,0,N/A
Argentina,02/20/2018,1,0.0,0,0.0,0.0,0,N/A
Argentina,03/03/2018,1,0.0,0,0.0,0.0,0,N/A
Argentina,03/04/2018,0,0.01,0,0.01,N/A,0,N/A
Argentina,03/27/2018,0,0.08,0,0.08,N/A,0,N/A
Argentina,04/19/2018,1,0.05,0,0.05,0.05,0,N/A
Australia,10/03/2014,1,0,0,0,0.0,0,N/A
Australia,10/04/2014,0,0.71,0,0.71,N/A,0,N/A
Australia,12/11/2014,1,0,0,0,0.0,0,N/A
Australia,12/12/2014,0,0.69,0,0.69,N/A,0,N/A
Australia,03/09/2015,1,0.69,0,0.69,0.69,0,N/A
Australia,04/03/2015,1,0.7,0,0.7,0.7,0,N/A
Australia,04/18/2015,1,0.84,0,0.84,0.84,0,N/A
Australia,06/12/2015,1,0.83,0,0.83,0.83,0,N/A
Australia,09/19/2015,1,0,0,0,0.0,0,N/A
Australia,09/20/2015,0,0.66,0,0.66,N/A,0,N/A
Australia,10/06/2015,1,0.88,0,0.88,0.88,0,N/A
Australia,10/07/2015,1,0,0,0,0.0,0,N/A
Australia,10/08/2015,0,0.66,0,0.66,N/A,0,N/A
Australia,10/23/2015,1,0.88,0,0.88,0.88,0,N/A
Australia,11/16/2015,2,1.8,0,1.8,0.9,0,N/A
Australia,11/22/2015,1,0.7,0,0.7,0.7,0,N/A
Australia,12/01/2015,1,0.94,0,0.94,0.94,0,N/A
Australia,01/10/2016,1,0,0,0,0.0,0,N/A
Australia,01/11/2016,0,0.66,0,0.66,N/A,0,N/A
Australia,02/20/2016,1,0.66,0,0.66,0.66,0,N/A
Australia,03/01/2016,2,0.62,0,0.62,0.31,0,N/A
Australia,03/02/2016,0,0.69,0,0.69,N/A,0,N/A
Australia,03/04/2016,0,-0.62,0,-0.62,N/A,0,N/A
Australia,03/25/2016,1,0.69,0,0.69,0.69,0,N/A
Australia,04/14/2016,1,0.64,0,0.64,0.64,0,N/A
Australia,04/17/2016,1,0.64,0,0.64,0.64,0,N/A
Australia,04/22/2016,1,0.64,0,0.64,0.64,0,N/A
Australia,04/26/2016,1,0.64,0,0.64,0.64,0,N/A
Australia,06/17/2016,1,0.62,0,0.62,0.62,0,N/A
Australia,06/27/2016,1,0.62,0,0.62,0.62,0,N/A
Australia,07/04/2016,1,0.69,0,0.69,0.69,0,N/A
Australia,08/24/2016,1,0,0,0,0.0,0,N/A
Australia,09/06/2016,1,0.64,0,0.64,0.64,0,N/A
Australia,09/07/2016,1,0.64,0,0.64,0.64,0,N/A
Australia,09/15/2016,0,0.69,0,0.69,N/A,0,N/A
Australia,10/08/2016,1,0.65,0,0.65,0.65,0,N/A
Australia,10/10/2016,1,0.65,0,0.65,0.65,0,N/A
Australia,11/03/2016,1,0,0,0,0.0,0,N/A
Australia,11/16/2016,1,0,0,0,0.0,0,N/A
Australia,11/17/2016,2,0,0,0,0.0,0,N/A
Australia,11/18/2016,1,0,0,0,0.0,0,N/A
Australia,11/19/2016,5,0.66,0,0.66,0.13,0,N/A
Australia,11/20/2016,5,0,0,0,0.0,0,N/A
Australia,11/21/2016,1,0,0,0,0.0,0,N/A
Australia,11/22/2016,2,0.66,0,0.66,0.33,0,N/A
Australia,11/23/2016,1,0.72,0,0.72,0.72,0,N/A
Australia,11/24/2016,1,0.72,0,0.72,0.72,0,N/A
Australia,11/25/2016,1,0,0,0,0.0,0,N/A
Australia,11/26/2016,3,0,0,0,0.0,0,N/A
Australia,11/29/2016,2,0,0,0,0.0,0,N/A
Australia,11/30/2016,3,0.66,0,0.66,0.22,0,N/A
Australia,12/01/2016,2,0.0,0,0.0,0.0,0,N/A
Australia,12/02/2016,3,0.0,0,0.0,0.0,0,N/A
Australia,12/03/2016,5,0,0,0,0.0,0,N/A
Australia,12/05/2016,2,0,0,0,0.0,0,N/A
Australia,12/06/2016,3,0.0,0,0.0,0.0,0,N/A
Australia,12/08/2016,1,0.66,0,0.66,0.66,0,N/A
Australia,12/09/2016,2,0.0,0,0.0,0.0,0,N/A
Australia,12/10/2016,1,0.0,0,0.0,0.0,0,N/A
Australia,12/11/2016,1,0.0,0,0.0,0.0,0,N/A
Australia,12/12/2016,3,0.01,0,0.01,0.0,0,N/A
Australia,12/13/2016,3,0.0,0,0.0,0.0,0,N/A
Australia,12/14/2016,2,0.0,0,0.0,0.0,0,N/A
Australia,12/15/2016,1,0.0,0,0.0,0.0,0,N/A
Australia,12/16/2016,1,0.0,0,0.0,0.0,0,N/A
Australia,12/17/2016,1,0.0,0,0.0,0.0,0,N/A
Australia,12/18/2016,3,0.72,0,0.72,0.24,0,N/A
Australia,12/20/2016,1,0.0,0,0.0,0.0,0,N/A
Australia,12/21/2016,3,0.0,0,0.0,0.0,0,N/A
Australia,12/22/2016,2,0.0,0,0.0,0.0,0,N/A
Australia,12/23/2016,1,0.01,0,0.01,0.01,0,N/A
Australia,12/24/2016,2,0.0,0,0.0,0.0,0,N/A
Australia,12/25/2016,0,0.27,0,0.27,N/A,0,N/A
Australia,12/26/2016,5,0.15,0,0.15,0.03,0,N/A
Australia,12/27/2016,3,0.0,0,0.0,0.0,0,N/A
Australia,12/28/2016,4,0.0,0,0.0,0.0,0,N/A
Australia,12/29/2016,3,0.0,0,0.0,0.0,0,N/A
Australia,12/30/2016,1,0.0,0,0.0,0.0,0,N/A
Australia,12/31/2016,2,0.17,0,0.17,0.08,0,N/A
Australia,01/02/2017,2,0.0,0,0.0,0.0,0,N/A
Australia,01/03/2017,2,0.0,0,0.0,0.0,0,N/A
Australia,01/04/2017,1,0.0,0,0.0,0.0,0,N/A
Australia,01/05/2017,1,0.0,0,0.0,0.0,0,N/A
Australia,01/06/2017,4,0.0,0,0.0,0.0,0,N/A
Australia,01/07/2017,3,0.0,0,0.0,0.0,0,N/A
Australia,01/08/2017,3,0.0,0,0.0,0.0,0,N/A
Australia,01/09/2017,1,0.0,0,0.0,0.0,0,N/A
Australia,01/10/2017,3,0.0,0,0.0,0.0,0,N/A
Australia,01/11/2017,3,0.0,0,0.0,0.0,0,N/A
Australia,01/12/2017,3,0.0,0,0.0,0.0,0,N/A
Australia,01/13/2017,2,0.0,0,0.0,0.0,0,N/A
Australia,01/14/2017,4,0.65,0,0.65,0.16,0,N/A
Australia,01/16/2017,3,0.0,0,0.0,0.0,0,N/A
Australia,01/18/2017,2,0.73,0,0.73,0.37,0,N/A
Australia,01/19/2017,7,0.65,0,0.65,0.09,0,N/A
Australia,01/22/2017,4,0.65,0,0.65,0.16,0,N/A
Australia,01/23/2017,1,0.0,0,0.0,0.0,0,N/A
Australia,01/25/2017,2,0.0,0,0.0,0.0,0,N/A
Australia,01/26/2017,2,0.0,0,0.0,0.0,0,N/A
Australia,01/27/2017,1,0.0,0,0.0,0.0,0,N/A
Australia,01/29/2017,1,0.0,0,0.0,0.0,0,N/A
Australia,01/30/2017,1,0.0,0,0.0,0.0,0,N/A
Australia,01/31/2017,2,0.0,0,0.0,0.0,0,N/A
Australia,02/01/2017,1,0.67,0,0.67,0.67,0,N/A
Australia,02/02/2017,2,0.3,0,0.3,0.15,0,N/A
Australia,02/03/2017,2,0.0,0,0.0,0.0,0,N/A
Australia,02/04/2017,2,0.19,0,0.19,0.09,0,N/A
Australia,02/05/2017,4,0.0,0,0.0,0.0,0,N/A
Australia,02/07/2017,1,0.0,0,0.0,0.0,0,N/A
Australia,02/08/2017,2,0.0,0,0.0,0.0,0,N/A
Australia,02/10/2017,3,0.0,0,0.0,0.0,0,N/A
Australia,02/11/2017,2,0.0,0,0.0,0.0,0,N/A
Australia,02/13/2017,1,0.0,0,0.0,0.0,0,N/A
Australia,02/15/2017,2,0.0,0,0.0,0.0,0,N/A
Australia,02/16/2017,2,0.0,0,0.0,0.0,0,N/A
Australia,02/18/2017,2,0.04,0,0.04,0.02,0,N/A
Australia,02/19/2017,2,0.0,0,0.0,0.0,0,N/A
Australia,02/20/2017,1,0.0,0,0.0,0.0,0,N/A
Australia,02/23/2017,1,0.0,0,0.0,0.0,0,N/A
Australia,02/24/2017,0,0.09,0,0.09,N/A,0,N/A
Australia,02/26/2017,1,0.0,0,0.0,0.0,0,N/A
Australia,02/27/2017,1,0.0,0,0.0,0.0,0,N/A
Australia,02/28/2017,0,0.03,0,0.03,N/A,0,N/A
Australia,03/01/2017,1,0.02,0,0.02,0.02,0,N/A
Australia,03/02/2017,3,0.0,0,0.0,0.0,0,N/A
Australia,03/03/2017,1,0.03,0,0.03,0.03,0,N/A
Australia,03/05/2017,1,0.0,0,0.0,0.0,0,N/A
Australia,03/06/2017,1,0.0,0,0.0,0.0,0,N/A
Australia,03/07/2017,1,0.0,0,0.0,0.0,0,N/A
Australia,03/09/2017,2,0.1,0,0.1,0.05,0,N/A
Australia,03/10/2017,1,0.01,0,0.01,0.01,0,N/A
Australia,03/11/2017,0,0.34,0,0.34,N/A,0,N/A
Australia,03/12/2017,1,0.02,0,0.02,0.02,0,N/A
Australia,03/13/2017,1,0.01,0,0.01,0.01,0,N/A
Australia,03/14/2017,0,0.02,0,0.02,N/A,0,N/A
Australia,03/15/2017,1,0.01,0,0.01,0.01,0,N/A
Australia,03/17/2017,3,0.12,0,0.12,0.04,0,N/A
Australia,03/18/2017,1,0.11,0,0.11,0.11,0,N/A
Australia,03/19/2017,0,0.01,0,0.01,N/A,0,N/A
Australia,03/21/2017,2,0.0,0,0.0,0.0,0,N/A
Australia,03/22/2017,1,0.0,0,0.0,0.0,0,N/A
Australia,03/23/2017,3,0.0,0,0.0,0.0,0,N/A
Australia,03/24/2017,1,0.07,0,0.07,0.07,0,N/A
Australia,03/25/2017,2,0.03,0,0.03,0.01,0,N/A
Australia,03/26/2017,0,0.04,0,0.04,N/A,0,N/A
Australia,03/27/2017,1,0.0,0,0.0,0.0,0,N/A
Australia,03/28/2017,0,0.03,0,0.03,N/A,0,N/A
Australia,03/29/2017,1,0.24,0,0.24,0.24,0,N/A
Australia,03/30/2017,1,0.12,0,0.12,0.12,0,N/A
Australia,03/31/2017,0,0.01,0,0.01,N/A,0,N/A
Australia,04/01/2017,1,0.0,0,0.0,0.0,0,N/A
Australia,04/02/2017,0,0.06,0,0.06,N/A,0,N/A
Australia,04/04/2017,0,0.01,0,0.01,N/A,0,N/A
Australia,04/06/2017,1,0.0,0,0.0,0.0,0,N/A
Australia,04/09/2017,1,0.0,0,0.0,0.0,0,N/A
Australia,04/13/2017,0,0.1,0,0.1,N/A,0,N/A
Australia,04/15/2017,1,0.0,0,0.0,0.0,0,N/A
Australia,04/16/2017,1,1.86,0,1.86,1.86,0,N/A
Australia,04/19/2017,0,0.01,0,0.01,N/A,0,N/A
Australia,04/20/2017,1,0.0,0,0.0,0.0,0,N/A
Australia,04/22/2017,0,0.38,0,0.38,N/A,0,N/A
Australia,04/27/2017,1,0.0,0,0.0,0.0,0,N/A
Australia,04/29/2017,0,0.09,0,0.09,N/A,0,N/A
Australia,05/03/2017,1,0.0,0,0.0,0.0,0,N/A
Australia,05/06/2017,1,0.0,0,0.0,0.0,0,N/A
Australia,05/18/2017,0,0.6,0,0.6,N/A,0,N/A
Australia,05/20/2017,1,0.0,0,0.0,0.0,0,N/A
Australia,05/21/2017,1,0.0,0,0.0,0.0,0,N/A
Australia,05/26/2017,2,0.0,0,0.0,0.0,0,N/A
Australia,05/31/2017,1,0.0,0,0.0,0.0,0,N/A
Australia,06/04/2017,2,0.19,0,0.19,0.09,0,N/A
Australia,06/09/2017,0,0.37,0,0.37,N/A,0,N/A
Australia,06/11/2017,1,0.0,0,0.0,0.0,0,N/A
Australia,06/30/2017,1,0,0,0,0.0,0,N/A
Australia,07/01/2017,2,0.63,0,0.63,0.32,0,N/A
Australia,07/04/2017,0,0.12,0,0.12,N/A,0,N/A
Australia,07/07/2017,0,0.04,0,0.04,N/A,0,N/A
Australia,07/08/2017,2,0.0,0,0.0,0.0,0,N/A
Australia,07/09/2017,1,0.64,0,0.64,0.64,0,N/A
Australia,07/15/2017,1,0.96,0,0.96,0.96,0,N/A
Australia,07/16/2017,1,0.0,0,0.0,0.0,0,N/A
Australia,07/18/2017,1,0.0,0,0.0,0.0,0,N/A
Australia,07/23/2017,1,0.68,0,0.68,0.68,0,N/A
Australia,07/28/2017,1,0.0,0,0.0,0.0,0,N/A
Australia,07/30/2017,1,0.0,0,0.0,0.0,0,N/A
Australia,08/01/2017,1,0.0,0,0.0,0.0,0,N/A
Australia,08/03/2017,3,0.0,0,0.0,0.0,0,N/A
Australia,08/04/2017,0,0.05,0,0.05,N/A,0,N/A
Australia,08/05/2017,2,0.0,0,0.0,0.0,0,N/A
Australia,08/07/2017,1,0.0,0,0.0,0.0,0,N/A
Australia,08/13/2017,0,0.07,0,0.07,N/A,0,N/A
Australia,08/14/2017,1,0.0,0,0.0,0.0,0,N/A
Australia,08/15/2017,1,0.39,0,0.39,0.39,0,N/A
Australia,08/18/2017,1,0.0,0,0.0,0.0,0,N/A
Australia,08/19/2017,1,0.0,0,0.0,0.0,0,N/A
Australia,08/25/2017,1,0.0,0,0.0,0.0,0,N/A
Australia,08/27/2017,2,0.0,0,0.0,0.0,0,N/A
Australia,08/29/2017,1,0.0,0,0.0,0.0,0,N/A
Australia,09/03/2017,0,0.05,0,0.05,N/A,0,N/A
Australia,09/09/2017,1,0.0,0,0.0,0.0,0,N/A
Australia,09/10/2017,1,0.0,0,0.0,0.0,0,N/A
Australia,09/11/2017,1,0.32,0,0.32,0.32,0,N/A
Australia,09/12/2017,1,0.0,0,0.0,0.0,0,N/A
Australia,09/15/2017,1,0.0,0,0.0,0.0,0,N/A
Australia,09/17/2017,1,0.0,0,0.0,0.0,0,N/A
Australia,09/22/2017,1,0.0,0,0.0,0.0,0,N/A
Australia,09/23/2017,2,0.06,0,0.06,0.03,0,N/A
Australia,09/24/2017,1,0.0,0,0.0,0.0,0,N/A
Australia,09/25/2017,2,0.0,0,0.0,0.0,0,N/A
Australia,09/26/2017,2,0.0,0,0.0,0.0,0,N/A
Australia,09/27/2017,1,0.0,0,0.0,0.0,0,N/A
Australia,10/01/2017,1,0.0,0,0.0,0.0,0,N/A
Australia,10/02/2017,0,0.09,0,0.09,N/A,0,N/A
Australia,10/03/2017,1,0.0,0,0.0,0.0,0,N/A
Australia,10/04/2017,3,0.0,0,0.0,0.0,0,N/A
Australia,10/05/2017,1,1.51,0,1.51,1.51,0,N/A
Australia,10/06/2017,1,0,0,0,0.0,0,N/A
Australia,10/08/2017,1,0.0,0,0.0,0.0,0,N/A
Australia,10/15/2017,1,0.0,0,0.0,0.0,0,N/A
Australia,10/16/2017,0,0.01,0,0.01,N/A,0,N/A
Australia,10/18/2017,0,0.19,0,0.19,N/A,0,N/A
Australia,10/23/2017,0,0.01,0,0.01,N/A,0,N/A
Australia,10/24/2017,0,0.13,0,0.13,N/A,0,N/A
Australia,10/29/2017,1,0.12,0,0.12,0.12,0,N/A
Australia,10/31/2017,1,0.0,0,0.0,0.0,0,N/A
Australia,11/03/2017,1,0.0,0,0.0,0.0,0,N/A
Australia,11/04/2017,1,0.0,0,0.0,0.0,0,N/A
Australia,11/10/2017,2,0.0,0,0.0,0.0,0,N/A
Australia,11/11/2017,2,0.0,0,0.0,0.0,0,N/A
Australia,11/12/2017,1,0.06,0,0.06,0.06,0,N/A
Australia,11/13/2017,8,0.03,0,0.03,0.0,0,N/A
Australia,11/14/2017,17,0.13,0,0.13,0.01,0,N/A
Australia,11/15/2017,3,0.0,0,0.0,0.0,0,N/A
Australia,11/16/2017,3,0.0,0,0.0,0.0,0,N/A
Australia,11/17/2017,3,0.0,0,0.0,0.0,0,N/A
Australia,11/18/2017,2,0.0,0,0.0,0.0,0,N/A
Australia,11/20/2017,1,0.0,0,0.0,0.0,0,N/A
Australia,11/21/2017,1,0.01,0,0.01,0.01,0,N/A
Australia,11/23/2017,1,0.0,0,0.0,0.0,0,N/A
Australia,11/24/2017,0,0.24,0,0.24,N/A,0,N/A
Australia,11/25/2017,2,0.0,0,0.0,0.0,0,N/A
Australia,11/26/2017,2,0.0,0,0.0,0.0,0,N/A
Australia,11/27/2017,2,0.62,0,0.62,0.31,0,N/A
Australia,11/28/2017,1,0.62,0,0.62,0.62,0,N/A
Australia,11/29/2017,2,0.17,0,0.17,0.09,0,N/A
Australia,11/30/2017,2,0.0,0,0.0,0.0,0,N/A
Australia,12/01/2017,1,0.0,0,0.0,0.0,0,N/A
Australia,12/02/2017,1,0.0,0,0.0,0.0,0,N/A
Australia,12/03/2017,1,0.0,0,0.0,0.0,0,N/A
Australia,12/05/2017,1,0.0,0,0.0,0.0,0,N/A
Australia,12/12/2017,0,0.03,0,0.03,N/A,0,N/A
Australia,12/13/2017,1,0.0,0,0.0,0.0,0,N/A
Australia,12/15/2017,0,0.05,0,0.05,N/A,0,N/A
Australia,12/25/2017,1,0.74,0,0.74,0.74,0,N/A
Australia,12/26/2017,1,0.0,0,0.0,0.0,0,N/A
Australia,12/28/2017,2,0.0,0,0.0,0.0,0,N/A
Australia,12/29/2017,1,0.0,0,0.0,0.0,0,N/A
Australia,12/30/2017,0,0.28,0,0.28,N/A,0,N/A
Australia,01/01/2018,1,0.0,0,0.0,0.0,0,N/A
Australia,01/04/2018,1,0.0,0,0.0,0.0,0,N/A
Australia,01/05/2018,1,0.23,0,0.23,0.23,0,N/A
Australia,01/06/2018,2,0.24,0,0.24,0.12,0,N/A
Australia,01/07/2018,2,0.0,0,0.0,0.0,0,N/A
Australia,01/08/2018,3,0.0,0,0.0,0.0,0,N/A
Australia,01/09/2018,3,0.0,0,0.0,0.0,0,N/A
Australia,01/10/2018,3,0.0,0,0.0,0.0,0,N/A
Australia,01/11/2018,1,0.0,0,0.0,0.0,0,N/A
Australia,01/13/2018,1,0.04,0,0.04,0.04,0,N/A
Australia,01/16/2018,1,0.0,0,0.0,0.0,0,N/A
Australia,01/17/2018,1,0.0,0,0.0,0.0,0,N/A
Australia,01/18/2018,2,0.1,0,0.1,0.05,0,N/A
Australia,01/19/2018,2,0.0,0,0.0,0.0,0,N/A
Australia,01/20/2018,4,0.0,0,0.0,0.0,0,N/A
Australia,01/21/2018,2,0.24,0,0.24,0.12,0,N/A
Australia,01/22/2018,4,0.46,0,0.46,0.11,0,N/A
Australia,01/23/2018,3,0.0,0,0.0,0.0,0,N/A
Australia,01/24/2018,2,0.23,0,0.23,0.12,0,N/A
Australia,01/25/2018,2,0.0,0,0.0,0.0,0,N/A
Australia,01/26/2018,2,0.0,0,0.0,0.0,0,N/A
Australia,01/27/2018,2,0.0,0,0.0,0.0,0,N/A
Australia,01/28/2018,1,0.0,0,0.0,0.0,0,N/A
Australia,01/31/2018,2,0.02,0,0.02,0.01,0,N/A
Australia,02/05/2018,1,0.0,0,0.0,0.0,0,N/A
Australia,02/06/2018,1,0.01,0,0.01,0.01,0,N/A
Australia,02/08/2018,1,0.0,0,0.0,0.0,0,N/A
Australia,02/11/2018,0,0.01,0,0.01,N/A,0,N/A
Australia,02/12/2018,3,0.0,0,0.0,0.0,0,N/A
Australia,02/13/2018,2,0.27,0,0.27,0.14,0,N/A
Australia,02/14/2018,1,0.0,0,0.0,0.0,0,N/A
Australia,02/15/2018,1,0.03,0,0.03,0.03,0,N/A
Australia,02/16/2018,1,0.0,0,0.0,0.0,0,N/A
Australia,02/18/2018,1,0.0,0,0.0,0.0,0,N/A
Australia,02/20/2018,1,0.0,0,0.0,0.0,0,N/A
Australia,02/22/2018,1,0.07,0,0.07,0.07,0,N/A
Australia,02/23/2018,1,0.0,0,0.0,0.0,0,N/A
Australia,02/25/2018,1,0.0,0,0.0,0.0,0,N/A
Australia,02/28/2018,1,0.0,0,0.0,0.0,0,N/A
Australia,03/01/2018,1,0.0,0,0.0,0.0,0,N/A
Australia,03/02/2018,3,0.06,0,0.06,0.02,0,N/A
Australia,03/03/2018,1,0.0,0,0.0,0.0,0,N/A
Australia,03/04/2018,3,0.0,0,0.0,0.0,0,N/A
Australia,03/05/2018,2,0.35,0,0.35,0.18,0,N/A
Australia,03/06/2018,1,0.0,0,0.0,0.0,0,N/A
Australia,03/08/2018,3,0.0,0,0.0,0.0,0,N/A
Australia,03/10/2018,2,0.0,0,0.0,0.0,0,N/A
Australia,03/11/2018,2,0.0,0,0.0,0.0,0,N/A
Australia,03/15/2018,2,0.0,0,0.0,0.0,0,N/A
Australia,03/18/2018,2,0.09,0,0.09,0.05,0,N/A
Australia,03/19/2018,6,0.14,0,0.14,0.02,0,N/A
Australia,03/20/2018,4,0.0,0,0.0,0.0,0,N/A
Australia,03/21/2018,0,0.01,0,0.01,N/A,0,N/A
Australia,03/23/2018,1,0.29,0,0.29,0.29,0,N/A
Australia,03/24/2018,0,0.06,0,0.06,N/A,0,N/A
Australia,03/25/2018,1,0.0,0,0.0,0.0,0,N/A
Australia,03/27/2018,1,0.0,0,0.0,0.0,0,N/A
Australia,03/28/2018,2,0.0,0,0.0,0.0,0,N/A
Australia,04/03/2018,1,0.0,0,0.0,0.0,0,N/A
Australia,04/05/2018,1,0.0,0,0.0,0.0,0,N/A
Australia,04/06/2018,0,0.06,0,0.06,N/A,0,N/A
Australia,04/07/2018,2,0.04,0,0.04,0.02,0,N/A
Australia,04/09/2018,1,0.0,0,0.0,0.0,0,N/A
Australia,04/14/2018,2,0.03,0,0.03,0.02,0,N/A
Australia,04/16/2018,1,0.35,0,0.35,0.35,0,N/A
Australia,04/18/2018,0,0.01,0,0.01,N/A,0,N/A
Austria,04/02/2016,1,0,0,0,0.0,0,N/A
Austria,04/03/2016,0,0.58,0,0.58,N/A,0,N/A
Austria,06/28/2016,0,0.58,0,0.58,N/A,0,N/A
Austria,07/12/2016,1,0,0,0,0.0,0,N/A
Austria,01/13/2017,1,0,0,0,0.0,0,N/A
Austria,01/23/2017,1,0,0,0,0.0,0,N/A
Austria,01/29/2017,1,0.58,0,0.58,0.58,0,N/A
Austria,03/24/2017,1,0.0,0,0.0,0.0,0,N/A
Austria,03/26/2017,1,0,0,0,0.0,0,N/A
Austria,03/27/2017,1,0.0,0,0.0,0.0,0,N/A
Austria,04/24/2017,1,0.0,0,0.0,0.0,0,N/A
Austria,05/16/2017,1,0,0,0,0.0,0,N/A
Austria,05/22/2017,0,0.07,0,0.07,N/A,0,N/A
Austria,05/27/2017,1,0.0,0,0.0,0.0,0,N/A
Austria,05/29/2017,1,0.0,0,0.0,0.0,0,N/A
Austria,05/30/2017,2,0.0,0,0.0,0.0,0,N/A
Austria,06/08/2017,1,0.0,0,0.0,0.0,0,N/A
Austria,06/24/2017,2,0.0,0,0.0,0.0,0,N/A
Austria,06/27/2017,1,0.11,0,0.11,0.11,0,N/A
Austria,07/15/2017,1,0,0,0,0.0,0,N/A
Austria,07/21/2017,1,0.0,0,0.0,0.0,0,N/A
Austria,07/29/2017,1,0.0,0,0.0,0.0,0,N/A
Austria,02/09/2018,1,0.0,0,0.0,0.0,0,N/A
Austria,02/24/2018,1,0,0,0,0.0,0,N/A
Austria,03/16/2018,1,0.0,0,0.0,0.0,0,N/A
Austria,04/02/2018,1,0.0,0,0.0,0.0,0,N/A
Austria,04/16/2018,1,0.0,0,0.0,0.0,0,N/A
Aruba,09/17/2017,1,0.0,0,0.0,0.0,0,N/A
India,09/16/2015,1,0.09,0,0.09,0.09,0,N/A
India,02/23/2016,1,0,0,0,0.0,0,N/A
India,02/24/2016,0,0.09,0,0.09,N/A,0,N/A
India,03/11/2016,1,0,0,0,0.0,0,N/A
India,04/12/2016,1,0,0,0,0.0,0,N/A
India,04/13/2016,0,0.09,0,0.09,N/A,0,N/A
India,04/14/2016,1,0.56,0,0.56,0.56,0,N/A
India,04/15/2016,1,0.56,0,0.56,0.56,0,N/A
India,07/06/2016,1,0.56,0,0.56,0.56,0,N/A
India,09/14/2016,1,0,0,0,0.0,0,N/A
India,11/16/2016,2,0,0,0,0.0,0,N/A
India,11/20/2016,1,0,0,0,0.0,0,N/A
India,11/22/2016,1,0,0,0,0.0,0,N/A
India,11/23/2016,2,0,0,0,0.0,0,N/A
India,11/25/2016,1,0,0,0,0.0,0,N/A
India,11/28/2016,1,0,0,0,0.0,0,N/A
India,11/30/2016,1,0,0,0,0.0,0,N/A
India,12/02/2016,3,0,0,0,0.0,0,N/A
India,12/05/2016,1,0,0,0,0.0,0,N/A
India,12/06/2016,1,0,0,0,0.0,0,N/A
India,12/10/2016,1,0,0,0,0.0,0,N/A
India,12/11/2016,4,0.0,0,0.0,0.0,0,N/A
India,12/14/2016,1,0.0,0,0.0,0.0,0,N/A
India,12/16/2016,1,0.0,0,0.0,0.0,0,N/A
India,12/18/2016,1,0,0,0,0.0,0,N/A
India,12/20/2016,2,0.0,0,0.0,0.0,0,N/A
India,12/22/2016,1,0.0,0,0.0,0.0,0,N/A
India,12/25/2016,1,0,0,0,0.0,0,N/A
India,12/27/2016,1,0.0,0,0.0,0.0,0,N/A
India,12/29/2016,2,0.0,0,0.0,0.0,0,N/A
India,01/04/2017,1,0.0,0,0.0,0.0,0,N/A
India,01/05/2017,1,0.0,0,0.0,0.0,0,N/A
India,01/14/2017,2,0,0,0,0.0,0,N/A
India,01/19/2017,1,0.0,0,0.0,0.0,0,N/A
India,01/26/2017,1,0.0,0,0.0,0.0,0,N/A
India,01/27/2017,1,0.0,0,0.0,0.0,0,N/A
India,01/29/2017,1,0.0,0,0.0,0.0,0,N/A
India,01/31/2017,1,0.0,0,0.0,0.0,0,N/A
India,02/10/2017,1,0,0,0,0.0,0,N/A
India,02/11/2017,2,0.0,0,0.0,0.0,0,N/A
India,02/12/2017,1,0.0,0,0.0,0.0,0,N/A
India,02/14/2017,2,0,0,0,0.0,0,N/A
India,02/17/2017,1,0,0,0,0.0,0,N/A
India,02/18/2017,2,0,0,0,0.0,0,N/A
India,02/19/2017,1,0.0,0,0.0,0.0,0,N/A
India,02/20/2017,1,0.0,0,0.0,0.0,0,N/A
India,02/21/2017,1,0,0,0,0.0,0,N/A
India,02/23/2017,1,0,0,0,0.0,0,N/A
India,02/28/2017,1,0.0,0,0.0,0.0,0,N/A
India,03/01/2017,2,0.0,0,0.0,0.0,0,N/A
India,03/02/2017,2,0.0,0,0.0,0.0,0,N/A
India,03/06/2017,1,0.0,0,0.0,0.0,0,N/A
India,03/07/2017,1,0.0,0,0.0,0.0,0,N/A
India,03/08/2017,1,0.0,0,0.0,0.0,0,N/A
India,03/10/2017,1,0.0,0,0.0,0.0,0,N/A
India,03/13/2017,3,0.02,0,0.02,0.01,0,N/A
India,03/14/2017,1,0,0,0,0.0,0,N/A
India,03/19/2017,3,0.0,0,0.0,0.0,0,N/A
India,03/21/2017,2,0.0,0,0.0,0.0,0,N/A
India,03/22/2017,1,0.0,0,0.0,0.0,0,N/A
India,03/23/2017,2,0.0,0,0.0,0.0,0,N/A
India,03/25/2017,2,0.02,0,0.02,0.01,0,N/A
India,03/26/2017,1,0.0,0,0.0,0.0,0,N/A
India,03/27/2017,1,0.0,0,0.0,0.0,0,N/A
India,03/31/2017,2,0.0,0,0.0,0.0,0,N/A
India,04/01/2017,1,0.0,0,0.0,0.0,0,N/A
India,04/02/2017,2,0.0,0,0.0,0.0,0,N/A
India,04/04/2017,1,0.0,0,0.0,0.0,0,N/A
India,04/05/2017,2,0.02,0,0.02,0.01,0,N/A
India,04/06/2017,1,0.0,0,0.0,0.0,0,N/A
India,04/07/2017,1,0.0,0,0.0,0.0,0,N/A
India,04/08/2017,2,0.0,0,0.0,0.0,0,N/A
India,04/09/2017,1,0.0,0,0.0,0.0,0,N/A
India,04/10/2017,1,0.02,0,0.02,0.02,0,N/A
India,04/11/2017,1,0.0,0,0.0,0.0,0,N/A
India,04/12/2017,2,0.0,0,0.0,0.0,0,N/A
India,04/14/2017,2,0.0,0,0.0,0.0,0,N/A
India,04/16/2017,3,0.0,0,0.0,0.0,0,N/A
India,04/19/2017,1,0.0,0,0.0,0.0,0,N/A
India,04/21/2017,2,0.0,0,0.0,0.0,0,N/A
India,04/23/2017,1,0.0,0,0.0,0.0,0,N/A
India,04/24/2017,2,0.0,0,0.0,0.0,0,N/A
India,04/25/2017,2,0.0,0,0.0,0.0,0,N/A
India,04/26/2017,1,0.0,0,0.0,0.0,0,N/A
India,04/28/2017,2,0.0,0,0.0,0.0,0,N/A
India,05/03/2017,1,0.02,0,0.02,0.02,0,N/A
India,05/06/2017,2,0.0,0,0.0,0.0,0,N/A
India,05/07/2017,1,0.0,0,0.0,0.0,0,N/A
India,05/11/2017,1,0.0,0,0.0,0.0,0,N/A
India,05/12/2017,1,0.0,0,0.0,0.0,0,N/A
India,05/13/2017,1,0.0,0,0.0,0.0,0,N/A
India,05/17/2017,1,0.0,0,0.0,0.0,0,N/A
India,05/19/2017,2,0.0,0,0.0,0.0,0,N/A
India,05/20/2017,1,0.0,0,0.0,0.0,0,N/A
India,05/22/2017,2,0.0,0,0.0,0.0,0,N/A
India,05/23/2017,3,0.0,0,0.0,0.0,0,N/A
India,05/24/2017,1,0.0,0,0.0,0.0,0,N/A
India,05/28/2017,3,0.0,0,0.0,0.0,0,N/A
India,05/30/2017,1,0.0,0,0.0,0.0,0,N/A
India,06/01/2017,2,0.0,0,0.0,0.0,0,N/A
India,06/02/2017,1,0.0,0,0.0,0.0,0,N/A
India,06/03/2017,1,0.0,0,0.0,0.0,0,N/A
India,06/10/2017,2,0.0,0,0.0,0.0,0,N/A
India,06/17/2017,1,0.0,0,0.0,0.0,0,N/A
India,06/21/2017,1,0.0,0,0.0,0.0,0,N/A
India,06/24/2017,1,0.0,0,0.0,0.0,0,N/A
India,07/04/2017,1,0.0,0,0.0,0.0,0,N/A
India,07/06/2017,1,0.0,0,0.0,0.0,0,N/A
India,07/10/2017,1,0,0,0,0.0,0,N/A
India,07/12/2017,1,0.0,0,0.0,0.0,0,N/A
India,07/13/2017,2,0.0,0,0.0,0.0,0,N/A
India,07/23/2017,1,0.0,0,0.0,0.0,0,N/A
India,07/26/2017,2,0.11,0,0.11,0.06,0,N/A
India,08/07/2017,1,0.0,0,0.0,0.0,0,N/A
India,08/09/2017,1,0.0,0,0.0,0.0,0,N/A
India,08/19/2017,1,0.0,0,0.0,0.0,0,N/A
India,08/25/2017,1,0,0,0,0.0,0,N/A
India,08/27/2017,1,0.0,0,0.0,0.0,0,N/A
India,08/29/2017,1,0.0,0,0.0,0.0,0,N/A
India,09/10/2017,1,0.0,0,0.0,0.0,0,N/A
India,09/14/2017,1,0.0,0,0.0,0.0,0,N/A
India,09/15/2017,1,0.0,0,0.0,0.0,0,N/A
India,09/16/2017,0,0.05,0,0.05,N/A,0,N/A
India,09/21/2017,1,0.0,0,0.0,0.0,0,N/A
India,09/25/2017,1,0.0,0,0.0,0.0,0,N/A
India,10/01/2017,1,0.0,0,0.0,0.0,0,N/A
India,10/05/2017,1,0.02,0,0.02,0.02,0,N/A
India,10/07/2017,1,0,0,0,0.0,0,N/A
India,10/08/2017,1,0.0,0,0.0,0.0,0,N/A
India,10/14/2017,1,0.0,0,0.0,0.0,0,N/A
India,10/16/2017,1,0.0,0,0.0,0.0,0,N/A
India,10/21/2017,1,0.0,0,0.0,0.0,0,N/A
India,11/05/2017,1,0.0,0,0.0,0.0,0,N/A
India,11/11/2017,1,0.0,0,0.0,0.0,0,N/A
India,11/12/2017,1,0.0,0,0.0,0.0,0,N/A
India,11/14/2017,0,0.02,0,0.02,N/A,0,N/A
India,11/16/2017,1,0.0,0,0.0,0.0,0,N/A
India,11/17/2017,1,0.0,0,0.0,0.0,0,N/A
India,11/20/2017,1,0.87,0,0.87,0.87,0,N/A
India,11/21/2017,1,0.0,0,0.0,0.0,0,N/A
India,11/28/2017,1,0.0,0,0.0,0.0,0,N/A
India,12/02/2017,1,0.0,0,0.0,0.0,0,N/A
India,12/10/2017,1,0.0,0,0.0,0.0,0,N/A
India,12/11/2017,1,0,0,0,0.0,0,N/A
India,12/13/2017,1,0.0,0,0.0,0.0,0,N/A
India,12/14/2017,1,0.0,0,0.0,0.0,0,N/A
India,12/16/2017,1,0.0,0,0.0,0.0,0,N/A
India,12/22/2017,1,0.01,0,0.01,0.01,0,N/A
India,12/23/2017,0,0.06,0,0.06,N/A,0,N/A
India,12/24/2017,1,0.0,0,0.0,0.0,0,N/A
India,12/30/2017,0,0.03,0,0.03,N/A,0,N/A
India,12/31/2017,2,0,0,0,0.0,0,N/A
India,01/02/2018,4,0.0,0,0.0,0.0,0,N/A
India,01/05/2018,1,0,0,0,0.0,0,N/A
India,01/07/2018,2,0.0,0,0.0,0.0,0,N/A
India,01/11/2018,1,0.0,0,0.0,0.0,0,N/A
India,01/15/2018,1,0.0,0,0.0,0.0,0,N/A
India,01/16/2018,1,0.0,0,0.0,0.0,0,N/A
India,01/21/2018,2,0.0,0,0.0,0.0,0,N/A
India,01/23/2018,2,0.0,0,0.0,0.0,0,N/A
India,01/31/2018,2,0.01,0,0.01,0.0,0,N/A
India,02/01/2018,1,0.0,0,0.0,0.0,0,N/A
India,02/07/2018,1,0.0,0,0.0,0.0,0,N/A
India,02/12/2018,1,0.0,0,0.0,0.0,0,N/A
India,02/13/2018,2,0.0,0,0.0,0.0,0,N/A
India,02/14/2018,1,0.0,0,0.0,0.0,0,N/A
India,02/17/2018,1,0.0,0,0.0,0.0,0,N/A
India,02/18/2018,1,0.0,0,0.0,0.0,0,N/A
India,02/22/2018,1,0.0,0,0.0,0.0,0,N/A
India,02/24/2018,1,0.0,0,0.0,0.0,0,N/A
India,02/25/2018,1,0.0,0,0.0,0.0,0,N/A
India,03/02/2018,1,0.0,0,0.0,0.0,0,N/A
India,03/07/2018,1,0.0,0,0.0,0.0,0,N/A
India,03/09/2018,1,0.01,0,0.01,0.01,0,N/A
India,03/16/2018,1,0.0,0,0.0,0.0,0,N/A
India,03/26/2018,1,0.0,0,0.0,0.0,0,N/A
India,03/28/2018,1,0,0,0,0.0,0,N/A
India,03/30/2018,1,0.0,0,0.0,0.0,0,N/A
India,04/01/2018,1,0.0,0,0.0,0.0,0,N/A
India,04/05/2018,2,0,0,0,0.0,0,N/A
India,04/07/2018,1,0.0,0,0.0,0.0,0,N/A
India,04/08/2018,1,0.0,0,0.0,0.0,0,N/A
India,04/13/2018,1,0,0,0,0.0,0,N/A
India,04/19/2018,2,0.0,0,0.0,0.0,0,N/A
Aland Islands,05/20/2017,1,0,0,0,0.0,0,N/A
Azerbaijan,02/16/2017,1,0.0,0,0.0,0.0,0,N/A
Azerbaijan,06/30/2017,1,0.0,0,0.0,0.0,0,N/A
Azerbaijan,09/06/2017,1,0.0,0,0.0,0.0,0,N/A
Azerbaijan,01/31/2018,1,0.0,0,0.0,0.0,0,N/A
Ireland,11/15/2015,1,0.56,0,0.56,0.56,0,N/A
Ireland,03/05/2016,1,0.56,0,0.56,0.56,0,N/A
Ireland,12/31/2016,1,0,0,0,0.0,0,N/A
Ireland,03/20/2017,1,0,0,0,0.0,0,N/A
Ireland,04/21/2017,0,0.05,0,0.05,N/A,0,N/A
Ireland,04/22/2017,0,0.06,0,0.06,N/A,0,N/A
Ireland,05/07/2017,1,0,0,0,0.0,0,N/A
Ireland,05/19/2017,0,0.02,0,0.02,N/A,0,N/A
Ireland,05/20/2017,1,0.0,0,0.0,0.0,0,N/A
Ireland,05/24/2017,1,0.0,0,0.0,0.0,0,N/A
Ireland,05/28/2017,1,0.0,0,0.0,0.0,0,N/A
Ireland,06/01/2017,0,0.04,0,0.04,N/A,0,N/A
Ireland,06/20/2017,1,0.0,0,0.0,0.0,0,N/A
Ireland,01/11/2018,1,0.0,0,0.0,0.0,0,N/A
Ireland,02/10/2018,1,0,0,0,0.0,0,N/A
Indonesia,05/30/2015,1,0.85,0,0.85,0.85,0,N/A
Indonesia,08/11/2015,1,0,0,0,0.0,0,N/A
Indonesia,07/04/2016,1,0,0,0,0.0,0,N/A
Indonesia,11/19/2016,1,0,0,0,0.0,0,N/A
Indonesia,12/02/2016,1,0.0,0,0.0,0.0,0,N/A
Indonesia,12/10/2016,1,0,0,0,0.0,0,N/A
Indonesia,12/20/2016,1,0.0,0,0.0,0.0,0,N/A
Indonesia,12/24/2016,1,0.0,0,0.0,0.0,0,N/A
Indonesia,12/26/2016,1,0,0,0,0.0,0,N/A
Indonesia,01/09/2017,1,0.04,0,0.04,0.04,0,N/A
Indonesia,01/10/2017,2,0.03,0,0.03,0.01,0,N/A
Indonesia,01/11/2017,1,0.0,0,0.0,0.0,0,N/A
Indonesia,03/05/2017,1,0.0,0,0.0,0.0,0,N/A
Indonesia,03/06/2017,1,0,0,0,0.0,0,N/A
Indonesia,03/12/2017,2,0.0,0,0.0,0.0,0,N/A
Indonesia,03/14/2017,1,0.0,0,0.0,0.0,0,N/A
Indonesia,03/18/2017,1,0.0,0,0.0,0.0,0,N/A
Indonesia,03/24/2017,1,0.0,0,0.0,0.0,0,N/A
Indonesia,03/31/2017,1,0.0,0,0.0,0.0,0,N/A
Indonesia,04/09/2017,1,0.0,0,0.0,0.0,0,N/A
Indonesia,04/14/2017,1,0.0,0,0.0,0.0,0,N/A
Indonesia,04/18/2017,1,0.0,0,0.0,0.0,0,N/A
Indonesia,04/28/2017,1,0.0,0,0.0,0.0,0,N/A
Indonesia,05/02/2017,2,0.0,0,0.0,0.0,0,N/A
Indonesia,05/04/2017,1,0,0,0,0.0,0,N/A
Indonesia,05/05/2017,1,0.0,0,0.0,0.0,0,N/A
Indonesia,05/07/2017,2,0.0,0,0.0,0.0,0,N/A
Indonesia,05/19/2017,1,0.0,0,0.0,0.0,0,N/A
Indonesia,06/02/2017,1,0,0,0,0.0,0,N/A
Indonesia,06/04/2017,1,0,0,0,0.0,0,N/A
Indonesia,06/09/2017,1,0.01,0,0.01,0.01,0,N/A
Indonesia,06/25/2017,1,0.0,0,0.0,0.0,0,N/A
Indonesia,07/02/2017,1,0.0,0,0.0,0.0,0,N/A
Indonesia,07/07/2017,1,0.0,0,0.0,0.0,0,N/A
Indonesia,07/12/2017,1,0.0,0,0.0,0.0,0,N/A
Indonesia,07/17/2017,0,0.03,0,0.03,N/A,0,N/A
Indonesia,07/21/2017,1,0.0,0,0.0,0.0,0,N/A
Indonesia,07/26/2017,1,0.0,0,0.0,0.0,0,N/A
Indonesia,08/27/2017,1,0.0,0,0.0,0.0,0,N/A
Indonesia,09/04/2017,1,0.0,0,0.0,0.0,0,N/A
Indonesia,09/25/2017,1,0,0,0,0.0,0,N/A
Indonesia,10/10/2017,1,0.0,0,0.0,0.0,0,N/A
Indonesia,10/23/2017,1,0.08,0,0.08,0.08,0,N/A
Indonesia,10/24/2017,1,0.0,0,0.0,0.0,0,N/A
Indonesia,10/31/2017,1,0.0,0,0.0,0.0,0,N/A
Indonesia,11/21/2017,1,0.0,0,0.0,0.0,0,N/A
Indonesia,11/22/2017,1,0.0,0,0.0,0.0,0,N/A
Indonesia,12/06/2017,1,0.0,0,0.0,0.0,0,N/A
Indonesia,12/13/2017,1,0.0,0,0.0,0.0,0,N/A
Indonesia,12/22/2017,1,0.0,0,0.0,0.0,0,N/A
Indonesia,12/23/2017,1,0,0,0,0.0,0,N/A
Indonesia,12/27/2017,1,0.0,0,0.0,0.0,0,N/A
Indonesia,01/10/2018,1,0.0,0,0.0,0.0,0,N/A
Indonesia,01/23/2018,0,0.15,0,0.15,N/A,0,N/A
Indonesia,01/27/2018,1,0.0,0,0.0,0.0,0,N/A
Indonesia,02/06/2018,1,0.0,0,0.0,0.0,0,N/A
Indonesia,02/18/2018,1,0,0,0,0.0,0,N/A
Indonesia,03/04/2018,1,0,0,0,0.0,0,N/A
Indonesia,03/16/2018,1,0.0,0,0.0,0.0,0,N/A
Indonesia,04/07/2018,1,0.0,0,0.0,0.0,0,N/A
Indonesia,04/14/2018,1,0.0,0,0.0,0.0,0,N/A
Ukraine,09/14/2015,1,0,0,0,0.0,0,N/A
Ukraine,12/16/2016,1,0.0,0,0.0,0.0,0,N/A
Ukraine,03/27/2017,1,0.0,0,0.0,0.0,0,N/A
Ukraine,04/12/2017,1,0.0,0,0.0,0.0,0,N/A
Ukraine,04/29/2017,1,0.0,0,0.0,0.0,0,N/A
Ukraine,05/01/2017,1,0.0,0,0.0,0.0,0,N/A
Ukraine,05/21/2017,1,0,0,0,0.0,0,N/A
Ukraine,05/24/2017,1,0,0,0,0.0,0,N/A
Ukraine,06/16/2017,1,0.0,0,0.0,0.0,0,N/A
Ukraine,06/22/2017,1,0,0,0,0.0,0,N/A
Ukraine,07/08/2017,1,0.0,0,0.0,0.0,0,N/A
Ukraine,07/11/2017,1,0,0,0,0.0,0,N/A
Ukraine,07/25/2017,1,0.0,0,0.0,0.0,0,N/A
Ukraine,08/11/2017,1,0.0,0,0.0,0.0,0,N/A
Ukraine,12/04/2017,1,0.0,0,0.0,0.0,0,N/A
Qatar,04/13/2017,0,0.05,0,0.05,N/A,0,N/A
Qatar,07/09/2017,1,0.0,0,0.0,0.0,0,N/A
Qatar,12/18/2017,0,0.06,0,0.06,N/A,0,N/A
Qatar,01/24/2018,1,0.0,0,0.0,0.0,0,N/A
